session_id,timestamp,dimension,stint_id
20260412_175523_fa92,2026-04-12 17:55:28,present,0
20260412_175523_fa92,2026-04-12 17:55:29,present,0
20260412_175523_fa92,2026-04-12 17:55:33,present,0
20260412_175523_fa92,2026-04-12 17:55:34,present,0
20260412_175523_fa92,2026-04-12 17:55:36,present,0
20260412_175523_fa92,2026-04-12 17:55:37,present,0
20260412_175523_fa92,2026-04-12 17:55:38,present,0
20260412_175523_fa92,2026-04-12 17:55:41,present,0
20260412_175523_fa92,2026-04-12 17:55:43,present,0
20260412_175523_fa92,2026-04-12 17:55:45,present,0
20260412_175523_fa92,2026-04-12 17:55:58,present,0
20260412_175523_fa92,2026-04-12 17:55:59,present,0
20260412_175523_fa92,2026-04-12 17:56:02,present,0
20260412_175523_fa92,2026-04-12 17:56:03,present,0
20260412_175523_fa92,2026-04-12 17:56:04,present,0
20260412_175523_fa92,2026-04-12 17:56:05,present,0
20260412_175523_fa92,2026-04-12 17:56:06,present,0
20260412_175523_fa92,2026-04-12 17:56:06,present,0
20260412_175523_fa92,2026-04-12 17:56:08,past,1
20260412_175523_fa92,2026-04-12 17:56:09,present,2
20260412_175523_fa92,2026-04-12 17:56:10,future,3
20260412_175523_fa92,2026-04-12 17:56:11,present,4
20260412_175523_fa92,2026-04-12 17:56:14,present,4
20260412_175523_fa92,2026-04-12 17:56:15,present,4
20260412_175523_fa92,2026-04-12 17:56:16,present,4
20260412_175523_fa92,2026-04-12 17:56:19,present,4
20260412_175523_fa92,2026-04-12 17:56:20,present,4
20260412_175523_fa92,2026-04-12 17:56:21,present,4
20260412_175523_fa92,2026-04-12 17:56:24,present,4
20260412_175523_fa92,2026-04-12 17:56:25,present,4
20260412_175523_fa92,2026-04-12 17:56:26,present,4
20260412_175523_fa92,2026-04-12 17:56:27,present,4
20260412_175523_fa92,2026-04-12 17:56:28,future,5
20260412_175523_fa92,2026-04-12 17:56:32,past,6
20260412_175523_fa92,2026-04-12 17:56:33,present,7
20260412_175523_fa92,2026-04-12 17:56:35,present,7
20260412_175523_fa92,2026-04-12 17:56:37,present,7
20260412_175523_fa92,2026-04-12 17:56:38,present,7
20260412_175523_fa92,2026-04-12 17:56:38,present,7
20260412_175523_fa92,2026-04-12 17:56:39,past,8
20260412_175523_fa92,2026-04-12 17:56:41,past,8
20260412_175523_fa92,2026-04-12 17:56:43,past,8
20260412_175523_fa92,2026-04-12 17:56:44,past,8
20260412_175523_fa92,2026-04-12 17:56:45,past,8
20260412_175523_fa92,2026-04-12 17:56:46,present,9
20260412_175523_fa92,2026-04-12 17:56:47,present,9
20260412_175523_fa92,2026-04-12 17:56:48,present,9
20260412_175523_fa92,2026-04-12 17:56:49,present,9
20260412_175523_fa92,2026-04-12 17:56:50,present,9
20260412_175523_fa92,2026-04-12 17:56:50,present,9
20260412_175523_fa92,2026-04-12 17:56:51,present,9
20260412_175523_fa92,2026-04-12 17:56:52,present,9
20260412_175523_fa92,2026-04-12 17:56:53,present,9
20260412_175523_fa92,2026-04-12 17:56:53,present,9
20260412_175523_fa92,2026-04-12 17:56:54,future,10
20260412_175523_fa92,2026-04-12 17:56:56,future,10
20260412_175523_fa92,2026-04-12 17:57:00,present,11
20260412_175523_fa92,2026-04-12 17:57:00,past,12
20260412_175523_fa92,2026-04-12 17:57:02,past,12
20260412_175523_fa92,2026-04-12 17:57:04,past,12
20260412_175523_fa92,2026-04-12 17:57:06,past,12
20260412_175523_fa92,2026-04-12 17:57:07,past,12
20260412_175523_fa92,2026-04-12 17:57:08,past,12
20260412_175523_fa92,2026-04-12 17:57:09,past,12
20260412_175523_fa92,2026-04-12 17:57:10,past,12
20260412_175523_fa92,2026-04-12 17:57:12,past,12
20260412_175523_fa92,2026-04-12 17:57:13,past,12
20260412_175523_fa92,2026-04-12 17:57:14,past,12
20260412_175523_fa92,2026-04-12 17:57:16,past,12
20260412_175523_fa92,2026-04-12 17:57:16,past,12
20260412_175523_fa92,2026-04-12 17:57:18,past,12
20260412_175523_fa92,2026-04-12 17:57:19,present,13
20260412_175523_fa92,2026-04-12 17:57:22,future,14
20260412_175523_fa92,2026-04-12 17:57:25,future,14
20260412_175523_fa92,2026-04-12 17:57:26,future,14
20260412_175523_fa92,2026-04-12 17:57:27,future,14
20260412_175523_fa92,2026-04-12 17:57:27,future,14
20260412_175523_fa92,2026-04-12 17:57:28,future,14
20260412_175523_fa92,2026-04-12 17:57:29,future,14
20260412_175523_fa92,2026-04-12 17:57:30,future,14
20260412_175523_fa92,2026-04-12 17:57:31,future,14
20260412_175523_fa92,2026-04-12 17:57:32,future,14
20260412_175523_fa92,2026-04-12 17:57:33,future,14
20260412_175523_fa92,2026-04-12 17:57:34,future,14
20260412_175523_fa92,2026-04-12 17:57:34,future,14
20260412_175523_fa92,2026-04-12 17:57:35,future,14
20260412_175523_fa92,2026-04-12 17:57:36,future,14
20260412_175523_fa92,2026-04-12 17:57:37,future,14
20260412_175523_fa92,2026-04-12 17:57:38,future,14
20260412_175523_fa92,2026-04-12 17:57:39,future,14
20260412_175523_fa92,2026-04-12 17:57:39,future,14
20260412_175523_fa92,2026-04-12 17:57:43,future,14
20260412_175523_fa92,2026-04-12 17:57:43,future,14
20260412_175523_fa92,2026-04-12 17:57:48,future,14
20260412_175523_fa92,2026-04-12 17:57:50,future,14
20260412_175523_fa92,2026-04-12 17:57:51,future,14
20260412_175523_fa92,2026-04-12 17:57:53,future,14
20260412_175523_fa92,2026-04-12 17:57:54,future,14
20260412_175523_fa92,2026-04-12 17:57:55,future,14
20260412_175523_fa92,2026-04-12 17:57:57,future,14
20260412_175523_fa92,2026-04-12 17:57:58,future,14
20260412_175523_fa92,2026-04-12 17:57:59,future,14
20260412_175523_fa92,2026-04-12 17:58:00,future,14
20260412_175523_fa92,2026-04-12 17:58:02,future,14
20260412_175523_fa92,2026-04-12 17:58:03,future,14
20260412_175523_fa92,2026-04-12 17:58:04,future,14
20260412_175523_fa92,2026-04-12 17:58:05,future,14
20260412_175523_fa92,2026-04-12 17:58:05,future,14
20260412_175523_fa92,2026-04-12 17:58:06,future,14
20260412_175523_fa92,2026-04-12 17:58:06,future,14
20260412_175523_fa92,2026-04-12 17:58:07,future,14
20260412_175523_fa92,2026-04-12 17:58:08,future,14
20260412_175523_fa92,2026-04-12 17:58:09,future,14
20260412_175523_fa92,2026-04-12 17:58:12,future,14
20260412_175523_fa92,2026-04-12 17:58:13,past,15
20260412_175523_fa92,2026-04-12 17:58:14,past,15
20260412_175523_fa92,2026-04-12 17:58:14,past,15
20260412_175523_fa92,2026-04-12 17:58:15,past,15
20260412_175523_fa92,2026-04-12 17:58:16,past,15
20260412_175523_fa92,2026-04-12 17:58:18,past,15
20260412_175523_fa92,2026-04-12 17:58:18,past,15
20260412_175523_fa92,2026-04-12 17:58:19,past,15
20260412_175523_fa92,2026-04-12 17:58:19,past,15
20260412_175523_fa92,2026-04-12 17:58:20,past,15
20260412_175523_fa92,2026-04-12 17:58:24,past,15
20260412_175523_fa92,2026-04-12 17:58:25,past,15
20260412_175523_fa92,2026-04-12 17:58:26,past,15
20260412_175523_fa92,2026-04-12 17:58:27,past,15
20260412_175523_fa92,2026-04-12 17:58:31,past,15
20260412_175523_fa92,2026-04-12 17:58:32,future,16
20260412_175523_fa92,2026-04-12 17:58:32,future,16
20260412_175523_fa92,2026-04-12 17:58:34,present,17
20260412_175523_fa92,2026-04-12 17:58:37,present,17
20260412_175523_fa92,2026-04-12 17:58:38,past,18
20260412_175523_fa92,2026-04-12 17:58:39,present,19
20260412_175523_fa92,2026-04-12 17:58:41,present,19
20260412_175523_fa92,2026-04-12 17:58:41,present,19
20260412_175523_fa92,2026-04-12 17:58:43,present,19
20260412_175523_fa92,2026-04-12 17:58:44,present,19
20260412_175523_fa92,2026-04-12 17:58:44,present,19
20260412_175523_fa92,2026-04-12 17:58:45,past,20
20260412_175523_fa92,2026-04-12 17:58:46,past,20
20260412_175523_fa92,2026-04-12 17:58:46,past,20
20260412_175523_fa92,2026-04-12 17:58:47,past,20
20260412_175523_fa92,2026-04-12 17:58:48,past,20
20260412_175523_fa92,2026-04-12 17:58:51,past,20
20260412_175523_fa92,2026-04-12 17:58:52,past,20
20260412_175523_fa92,2026-04-12 17:58:53,past,20
20260412_175523_fa92,2026-04-12 17:58:53,past,20
20260412_175523_fa92,2026-04-12 17:58:54,past,20
20260412_175523_fa92,2026-04-12 17:58:55,past,20
20260412_175523_fa92,2026-04-12 17:58:55,present,21
20260412_175523_fa92,2026-04-12 17:58:56,future,22
20260412_175523_fa92,2026-04-12 17:58:57,future,22
20260412_175523_fa92,2026-04-12 17:59:01,future,22
20260412_175523_fa92,2026-04-12 17:59:01,future,22
20260412_175523_fa92,2026-04-12 17:59:04,future,22
20260412_175523_fa92,2026-04-12 17:59:06,present,23
20260412_175523_fa92,2026-04-12 17:59:08,present,23
20260412_175523_fa92,2026-04-12 17:59:10,present,23
20260412_175523_fa92,2026-04-12 17:59:29,present,23
20260412_175523_fa92,2026-04-12 17:59:30,present,23
20260412_175523_fa92,2026-04-12 17:59:31,present,23
20260412_175523_fa92,2026-04-12 17:59:31,present,23
20260412_175523_fa92,2026-04-12 17:59:31,present,23
20260412_175523_fa92,2026-04-12 17:59:39,present,23
20260412_175523_fa92,2026-04-12 17:59:40,present,23
20260412_175523_fa92,2026-04-12 17:59:41,present,23
20260412_175523_fa92,2026-04-12 17:59:41,present,23
20260412_175523_fa92,2026-04-12 17:59:42,present,23
20260412_175523_fa92,2026-04-12 17:59:43,present,23
20260412_175523_fa92,2026-04-12 17:59:44,past,24
20260412_175523_fa92,2026-04-12 17:59:45,present,25
20260412_175523_fa92,2026-04-12 17:59:45,future,26
20260412_175523_fa92,2026-04-12 17:59:46,future,26
20260412_175523_fa92,2026-04-12 17:59:46,future,26
20260412_175523_fa92,2026-04-12 17:59:47,future,26
20260412_175523_fa92,2026-04-12 17:59:48,present,27
20260412_175523_fa92,2026-04-12 17:59:48,past,28
20260412_175523_fa92,2026-04-12 17:59:50,past,28
20260412_175523_fa92,2026-04-12 17:59:51,present,29
20260412_175523_fa92,2026-04-12 17:59:52,future,30
20260412_175523_fa92,2026-04-12 17:59:53,future,30
20260412_175523_fa92,2026-04-12 17:59:54,future,30
20260412_175523_fa92,2026-04-12 17:59:55,future,30
20260412_175523_fa92,2026-04-12 17:59:56,future,30
20260412_175523_fa92,2026-04-12 17:59:57,future,30
20260412_175523_fa92,2026-04-12 17:59:57,future,30
20260412_175523_fa92,2026-04-12 17:59:57,future,30
20260412_175523_fa92,2026-04-12 17:59:58,future,30
20260412_175523_fa92,2026-04-12 17:59:59,future,30
20260412_175523_fa92,2026-04-12 17:59:59,future,30
20260412_175523_fa92,2026-04-12 18:00:00,future,30
20260412_175523_fa92,2026-04-12 18:00:00,future,30
20260412_175523_fa92,2026-04-12 18:00:00,future,30
20260412_175523_fa92,2026-04-12 18:00:02,future,30
20260412_175523_fa92,2026-04-12 18:00:03,future,30
20260412_175523_fa92,2026-04-12 18:00:03,future,30
20260412_175523_fa92,2026-04-12 18:00:04,future,30
20260412_175523_fa92,2026-04-12 18:00:04,future,30
20260412_175523_fa92,2026-04-12 18:00:05,future,30
20260412_175523_fa92,2026-04-12 18:00:05,future,30
20260412_175523_fa92,2026-04-12 18:00:07,future,30
20260412_175523_fa92,2026-04-12 18:00:10,future,30
20260412_175523_fa92,2026-04-12 18:00:10,future,30
20260412_175523_fa92,2026-04-12 18:00:11,future,30
20260412_175523_fa92,2026-04-12 18:00:12,present,31
20260412_175523_fa92,2026-04-12 18:00:15,present,31
20260412_175523_fa92,2026-04-12 18:00:16,present,31
20260412_175523_fa92,2026-04-12 18:00:17,present,31
20260412_175523_fa92,2026-04-12 18:00:20,present,31
20260412_175523_fa92,2026-04-12 18:00:21,present,31
20260412_175523_fa92,2026-04-12 18:00:22,present,31
20260412_175523_fa92,2026-04-12 18:00:25,present,31
20260412_175523_fa92,2026-04-12 18:00:27,present,31
20260412_175523_fa92,2026-04-12 18:00:29,present,31
20260412_175523_fa92,2026-04-12 18:00:30,present,31
20260412_175523_fa92,2026-04-12 18:00:31,present,31
20260412_175523_fa92,2026-04-12 18:00:32,present,31
20260412_175523_fa92,2026-04-12 18:00:34,present,31
20260412_175523_fa92,2026-04-12 18:00:35,present,31
20260412_175523_fa92,2026-04-12 18:00:35,present,31
20260412_175523_fa92,2026-04-12 18:00:36,present,31
20260412_175523_fa92,2026-04-12 18:00:36,present,31
20260412_175523_fa92,2026-04-12 18:00:37,present,31
20260412_175523_fa92,2026-04-12 18:00:37,present,31
20260412_175523_fa92,2026-04-12 18:00:38,present,31
20260412_175523_fa92,2026-04-12 18:00:38,present,31
20260412_175523_fa92,2026-04-12 18:00:39,present,31
20260412_175523_fa92,2026-04-12 18:00:39,present,31
20260412_175523_fa92,2026-04-12 18:00:40,present,31
20260412_175523_fa92,2026-04-12 18:00:40,present,31
20260412_175523_fa92,2026-04-12 18:00:41,present,31
20260412_175523_fa92,2026-04-12 18:00:42,present,31
20260412_175523_fa92,2026-04-12 18:00:44,present,31
20260412_175523_fa92,2026-04-12 18:00:45,present,31
20260412_175523_fa92,2026-04-12 18:00:46,present,31
20260412_175523_fa92,2026-04-12 18:00:48,present,31
20260412_175523_fa92,2026-04-12 18:00:49,future,32
20260412_175523_fa92,2026-04-12 18:00:50,present,33
20260412_175523_fa92,2026-04-12 18:00:50,future,34
20260412_175523_fa92,2026-04-12 18:00:51,future,34
20260412_175523_fa92,2026-04-12 18:00:53,future,34
20260412_175523_fa92,2026-04-12 18:00:54,future,34
20260412_175523_fa92,2026-04-12 18:00:56,future,34
20260412_175523_fa92,2026-04-12 18:00:56,future,34
20260412_175523_fa92,2026-04-12 18:00:57,future,34
20260412_175523_fa92,2026-04-12 18:00:58,future,34
20260412_175523_fa92,2026-04-12 18:00:59,future,34
20260412_175523_fa92,2026-04-12 18:01:00,future,34
20260412_175523_fa92,2026-04-12 18:01:01,past,35
20260412_175523_fa92,2026-04-12 18:01:01,present,36
20260412_175523_fa92,2026-04-12 18:01:02,past,37
20260412_175523_fa92,2026-04-12 18:01:03,past,37
20260412_175523_fa92,2026-04-12 18:01:03,past,37
20260412_175523_fa92,2026-04-12 18:01:04,past,37
20260412_175523_fa92,2026-04-12 18:01:07,past,37
20260412_175523_fa92,2026-04-12 18:01:07,past,37
20260412_175523_fa92,2026-04-12 18:01:08,past,37
20260412_175523_fa92,2026-04-12 18:01:09,past,37
20260412_175523_fa92,2026-04-12 18:01:09,past,37
20260412_175523_fa92,2026-04-12 18:01:10,past,37
20260412_175523_fa92,2026-04-12 18:01:12,past,37
20260412_175523_fa92,2026-04-12 18:01:13,past,37
20260412_175523_fa92,2026-04-12 18:01:14,past,37
20260412_175523_fa92,2026-04-12 18:01:15,present,38
20260412_175523_fa92,2026-04-12 18:01:16,present,38
20260412_175523_fa92,2026-04-12 18:01:18,present,38
20260412_175523_fa92,2026-04-12 18:01:19,present,38
20260412_175523_fa92,2026-04-12 18:01:19,present,38
20260412_175523_fa92,2026-04-12 18:01:20,present,38
20260412_175523_fa92,2026-04-12 18:01:20,present,38
20260412_175523_fa92,2026-04-12 18:01:24,present,38
20260412_175523_fa92,2026-04-12 18:01:26,present,38
20260412_175523_fa92,2026-04-12 18:01:26,present,38
20260412_175523_fa92,2026-04-12 18:01:27,present,38
20260412_175523_fa92,2026-04-12 18:01:28,present,38
20260412_175523_fa92,2026-04-12 18:01:28,present,38
20260412_175523_fa92,2026-04-12 18:01:28,present,38
20260412_175523_fa92,2026-04-12 18:01:30,present,38
20260412_175523_fa92,2026-04-12 18:01:31,present,38
20260412_175523_fa92,2026-04-12 18:01:33,present,38
20260412_175523_fa92,2026-04-12 18:01:34,present,38
20260412_175523_fa92,2026-04-12 18:01:35,present,38
20260412_175523_fa92,2026-04-12 18:01:37,present,38
20260412_175523_fa92,2026-04-12 18:01:39,present,38
20260412_175523_fa92,2026-04-12 18:01:39,present,38
20260412_175523_fa92,2026-04-12 18:01:40,present,38
20260412_175523_fa92,2026-04-12 18:01:41,present,38
20260412_175523_fa92,2026-04-12 18:01:41,present,38
20260412_175523_fa92,2026-04-12 18:01:42,present,38
20260412_175523_fa92,2026-04-12 18:01:43,present,38
20260412_175523_fa92,2026-04-12 18:01:43,present,38
20260412_175523_fa92,2026-04-12 18:01:44,present,38
20260412_175523_fa92,2026-04-12 18:01:45,present,38
20260412_175523_fa92,2026-04-12 18:01:45,present,38
20260412_175523_fa92,2026-04-12 18:01:46,present,38
20260412_175523_fa92,2026-04-12 18:01:50,present,38
20260412_175523_fa92,2026-04-12 18:01:52,present,38
20260412_175523_fa92,2026-04-12 18:01:55,present,38
20260412_175523_fa92,2026-04-12 18:01:56,present,38
20260412_175523_fa92,2026-04-12 18:01:58,present,38
20260412_175523_fa92,2026-04-12 18:02:00,present,38
20260412_175523_fa92,2026-04-12 18:02:00,present,38
20260412_175523_fa92,2026-04-12 18:02:02,present,38
20260412_175523_fa92,2026-04-12 18:02:02,present,38
20260412_175523_fa92,2026-04-12 18:02:03,present,38
20260412_175523_fa92,2026-04-12 18:02:03,present,38
20260412_175523_fa92,2026-04-12 18:02:04,present,38
20260412_175523_fa92,2026-04-12 18:02:04,present,38
20260412_175523_fa92,2026-04-12 18:02:05,present,38
20260412_175523_fa92,2026-04-12 18:02:06,present,38
20260412_175523_fa92,2026-04-12 18:02:07,present,38
20260412_175523_fa92,2026-04-12 18:02:08,present,38
20260412_175523_fa92,2026-04-12 18:02:10,future,39
20260412_175523_fa92,2026-04-12 18:02:10,future,39
20260412_175523_fa92,2026-04-12 18:02:11,future,39
20260412_175523_fa92,2026-04-12 18:02:12,future,39
20260412_175523_fa92,2026-04-12 18:02:12,future,39
20260412_175523_fa92,2026-04-12 18:02:12,future,39
20260412_175523_fa92,2026-04-12 18:02:14,future,39
20260412_175523_fa92,2026-04-12 18:02:15,future,39
20260412_175523_fa92,2026-04-12 18:02:16,future,39
20260412_175523_fa92,2026-04-12 18:02:16,future,39
20260412_175523_fa92,2026-04-12 18:02:17,future,39
20260412_175523_fa92,2026-04-12 18:02:17,future,39
20260412_175523_fa92,2026-04-12 18:02:17,future,39
20260412_175523_fa92,2026-04-12 18:02:18,future,39
20260412_175523_fa92,2026-04-12 18:02:18,future,39
20260412_175523_fa92,2026-04-12 18:02:19,future,39
20260412_175523_fa92,2026-04-12 18:02:19,future,39
20260412_175523_fa92,2026-04-12 18:02:21,future,39
20260412_175523_fa92,2026-04-12 18:02:21,future,39
20260412_175523_fa92,2026-04-12 18:02:22,future,39
20260412_175523_fa92,2026-04-12 18:02:23,future,39
20260412_175523_fa92,2026-04-12 18:02:24,future,39
20260412_175523_fa92,2026-04-12 18:02:25,future,39
20260412_175523_fa92,2026-04-12 18:02:26,future,39
20260412_175523_fa92,2026-04-12 18:02:28,future,39
20260412_175523_fa92,2026-04-12 18:02:29,present,40
20260412_175523_fa92,2026-04-12 18:02:31,present,40
20260412_175523_fa92,2026-04-12 18:02:31,present,40
20260412_175523_fa92,2026-04-12 18:02:31,present,40
20260412_175523_fa92,2026-04-12 18:02:32,present,40
20260412_175523_fa92,2026-04-12 18:02:33,present,40
20260412_175523_fa92,2026-04-12 18:02:34,present,40
20260412_175523_fa92,2026-04-12 18:02:34,past,41
20260412_175523_fa92,2026-04-12 18:02:37,past,41
20260412_175523_fa92,2026-04-12 18:02:37,past,41
20260412_175523_fa92,2026-04-12 18:02:37,past,41
20260412_175523_fa92,2026-04-12 18:02:38,past,41
20260412_175523_fa92,2026-04-12 18:02:38,past,41
20260412_175523_fa92,2026-04-12 18:02:38,past,41
20260412_175523_fa92,2026-04-12 18:02:39,past,41
20260412_175523_fa92,2026-04-12 18:02:40,past,41
20260412_175523_fa92,2026-04-12 18:02:44,past,41
20260412_175523_fa92,2026-04-12 18:02:44,past,41
20260412_175523_fa92,2026-04-12 18:02:45,past,41
20260412_175523_fa92,2026-04-12 18:02:46,past,41
20260412_175523_fa92,2026-04-12 18:02:46,past,41
20260412_175523_fa92,2026-04-12 18:02:47,present,42
20260412_175523_fa92,2026-04-12 18:02:48,present,42
20260412_175523_fa92,2026-04-12 18:02:49,future,43
20260412_175523_fa92,2026-04-12 18:02:49,future,43
20260412_175523_fa92,2026-04-12 18:02:50,future,43
20260412_175523_fa92,2026-04-12 18:02:51,future,43
20260412_175523_fa92,2026-04-12 18:02:51,future,43
20260412_175523_fa92,2026-04-12 18:02:52,future,43
20260412_175523_fa92,2026-04-12 18:02:52,future,43
20260412_175523_fa92,2026-04-12 18:02:52,future,43
20260412_175523_fa92,2026-04-12 18:02:53,future,43
20260412_175523_fa92,2026-04-12 18:02:54,future,43
20260412_175523_fa92,2026-04-12 18:02:55,future,43
20260412_175523_fa92,2026-04-12 18:02:56,future,43
20260412_175523_fa92,2026-04-12 18:02:57,future,43
20260412_175523_fa92,2026-04-12 18:02:57,future,43
20260412_175523_fa92,2026-04-12 18:02:57,future,43
20260412_175523_fa92,2026-04-12 18:02:58,future,43
20260412_175523_fa92,2026-04-12 18:02:58,future,43
20260412_175523_fa92,2026-04-12 18:02:59,future,43
20260412_175523_fa92,2026-04-12 18:02:59,future,43
20260412_175523_fa92,2026-04-12 18:03:00,future,43
20260412_175523_fa92,2026-04-12 18:03:00,future,43
20260412_175523_fa92,2026-04-12 18:03:00,future,43
20260412_175523_fa92,2026-04-12 18:03:01,future,43
20260412_175523_fa92,2026-04-12 18:03:01,future,43
20260412_175523_fa92,2026-04-12 18:03:09,future,43
20260412_175523_fa92,2026-04-12 18:03:09,future,43
20260412_175523_fa92,2026-04-12 18:03:09,future,43
20260412_175523_fa92,2026-04-12 18:03:11,future,43
20260412_175523_fa92,2026-04-12 18:03:11,future,43
20260412_175523_fa92,2026-04-12 18:03:15,future,43
20260412_175523_fa92,2026-04-12 18:03:16,future,43
20260412_175523_fa92,2026-04-12 18:03:17,future,43
20260412_175523_fa92,2026-04-12 18:03:20,future,43
20260412_175523_fa92,2026-04-12 18:03:23,future,43
20260412_175523_fa92,2026-04-12 18:03:23,future,43
20260412_175523_fa92,2026-04-12 18:03:24,future,43
20260412_175523_fa92,2026-04-12 18:03:24,future,43
20260412_175523_fa92,2026-04-12 18:03:25,future,43
20260412_175523_fa92,2026-04-12 18:03:26,future,43
20260412_175523_fa92,2026-04-12 18:03:27,future,43
20260412_175523_fa92,2026-04-12 18:03:28,future,43
20260412_175523_fa92,2026-04-12 18:03:29,future,43
20260412_175523_fa92,2026-04-12 18:03:29,future,43
20260412_175523_fa92,2026-04-12 18:03:30,future,43
20260412_175523_fa92,2026-04-12 18:03:31,future,43
20260412_175523_fa92,2026-04-12 18:03:31,future,43
20260412_175523_fa92,2026-04-12 18:03:31,future,43
20260412_175523_fa92,2026-04-12 18:03:32,future,43
20260412_175523_fa92,2026-04-12 18:03:32,future,43
20260412_175523_fa92,2026-04-12 18:03:33,future,43
20260412_175523_fa92,2026-04-12 18:03:33,future,43
20260412_175523_fa92,2026-04-12 18:03:33,future,43
20260412_175523_fa92,2026-04-12 18:03:33,future,43
20260412_175523_fa92,2026-04-12 18:03:33,future,43
20260412_175523_fa92,2026-04-12 18:03:34,future,43
20260412_175523_fa92,2026-04-12 18:03:34,future,43
20260412_175523_fa92,2026-04-12 18:03:34,future,43
20260412_175523_fa92,2026-04-12 18:03:35,future,43
20260412_175523_fa92,2026-04-12 18:03:35,future,43
20260412_175523_fa92,2026-04-12 18:03:35,future,43
20260412_175523_fa92,2026-04-12 18:03:36,future,43
20260412_175523_fa92,2026-04-12 18:03:36,future,43
20260412_175523_fa92,2026-04-12 18:03:36,future,43
20260412_175523_fa92,2026-04-12 18:03:36,future,43
20260412_175523_fa92,2026-04-12 18:03:36,future,43
20260412_175523_fa92,2026-04-12 18:03:37,future,43
20260412_175523_fa92,2026-04-12 18:03:37,future,43
20260412_175523_fa92,2026-04-12 18:03:37,future,43
20260412_175523_fa92,2026-04-12 18:03:38,future,43
20260412_175523_fa92,2026-04-12 18:03:38,future,43
20260412_175523_fa92,2026-04-12 18:03:40,future,43
20260412_175523_fa92,2026-04-12 18:03:49,future,43
20260412_175523_fa92,2026-04-12 18:03:50,past,44
20260412_175523_fa92,2026-04-12 18:03:54,past,44
20260412_175523_fa92,2026-04-12 18:03:54,past,44
20260412_175523_fa92,2026-04-12 18:03:58,past,44
20260412_175523_fa92,2026-04-12 18:03:59,present,45
20260412_175523_fa92,2026-04-12 18:04:01,present,45
20260412_175523_fa92,2026-04-12 18:04:02,present,45
20260412_175523_fa92,2026-04-12 18:04:06,future,46
20260412_175523_fa92,2026-04-12 18:04:07,future,46
20260412_175523_fa92,2026-04-12 18:04:08,past,47
20260412_175523_fa92,2026-04-12 18:04:11,present,48
20260412_175523_fa92,2026-04-12 18:04:13,past,49
20260412_175523_fa92,2026-04-12 18:04:15,present,50
20260412_175523_fa92,2026-04-12 18:04:16,future,51
20260412_175523_fa92,2026-04-12 18:04:21,future,51
20260412_175523_fa92,2026-04-12 18:04:21,future,51
20260412_175523_fa92,2026-04-12 18:04:24,past,52
20260412_175523_fa92,2026-04-12 18:04:30,present,53
20260412_175523_fa92,2026-04-12 18:04:35,present,53
20260412_175523_fa92,2026-04-12 18:04:36,future,54
20260412_175523_fa92,2026-04-12 18:04:41,future,54
20260412_175523_fa92,2026-04-12 18:04:42,future,54
20260412_175523_fa92,2026-04-12 18:04:42,future,54
20260412_175523_fa92,2026-04-12 18:04:42,future,54
20260412_175523_fa92,2026-04-12 18:04:43,future,54
20260412_175523_fa92,2026-04-12 18:04:43,future,54
20260412_175523_fa92,2026-04-12 18:04:44,future,54
20260412_175523_fa92,2026-04-12 18:04:44,future,54
20260412_175523_fa92,2026-04-12 18:04:45,future,54
20260412_175523_fa92,2026-04-12 18:04:45,future,54
20260412_175523_fa92,2026-04-12 18:04:46,future,54
20260412_175523_fa92,2026-04-12 18:04:46,future,54
20260412_175523_fa92,2026-04-12 18:04:46,future,54
20260412_175523_fa92,2026-04-12 18:04:46,future,54
20260412_175523_fa92,2026-04-12 18:04:47,future,54
20260412_175523_fa92,2026-04-12 18:04:47,future,54
20260412_175523_fa92,2026-04-12 18:04:48,future,54
20260412_175523_fa92,2026-04-12 18:04:48,future,54
20260412_175523_fa92,2026-04-12 18:04:48,future,54
20260412_175523_fa92,2026-04-12 18:04:48,future,54
20260412_175523_fa92,2026-04-12 18:04:49,future,54
20260412_175523_fa92,2026-04-12 18:04:49,future,54
20260412_175523_fa92,2026-04-12 18:04:49,future,54
20260412_175523_fa92,2026-04-12 18:04:50,future,54
20260412_175523_fa92,2026-04-12 18:04:50,future,54
20260412_175523_fa92,2026-04-12 18:04:50,future,54
20260412_175523_fa92,2026-04-12 18:04:51,future,54
20260412_175523_fa92,2026-04-12 18:04:51,future,54
20260412_175523_fa92,2026-04-12 18:04:51,future,54
20260412_175523_fa92,2026-04-12 18:04:51,future,54
20260412_175523_fa92,2026-04-12 18:04:51,future,54
20260412_175523_fa92,2026-04-12 18:04:52,future,54
20260412_175523_fa92,2026-04-12 18:04:52,future,54
20260412_175523_fa92,2026-04-12 18:04:53,future,54
20260412_175523_fa92,2026-04-12 18:04:53,future,54
20260412_175523_fa92,2026-04-12 18:04:55,future,54
20260412_175523_fa92,2026-04-12 18:04:55,future,54
20260412_175523_fa92,2026-04-12 18:04:57,future,54
20260412_175523_fa92,2026-04-12 18:04:58,future,54
20260412_175523_fa92,2026-04-12 18:04:58,future,54
20260412_175523_fa92,2026-04-12 18:04:58,future,54
20260412_175523_fa92,2026-04-12 18:04:59,future,54
20260412_175523_fa92,2026-04-12 18:04:59,future,54
20260412_175523_fa92,2026-04-12 18:04:59,future,54
20260412_175523_fa92,2026-04-12 18:04:59,future,54
20260412_175523_fa92,2026-04-12 18:05:00,future,54
20260412_175523_fa92,2026-04-12 18:05:00,future,54
20260412_175523_fa92,2026-04-12 18:05:00,future,54
20260412_175523_fa92,2026-04-12 18:05:01,future,54
20260412_175523_fa92,2026-04-12 18:05:02,future,54
20260412_175523_fa92,2026-04-12 18:05:03,future,54
20260412_175523_fa92,2026-04-12 18:05:03,future,54
20260412_175523_fa92,2026-04-12 18:05:04,future,54
20260412_175523_fa92,2026-04-12 18:05:04,future,54
20260412_175523_fa92,2026-04-12 18:05:04,future,54
20260412_175523_fa92,2026-04-12 18:05:05,future,54
20260412_175523_fa92,2026-04-12 18:05:06,future,54
20260412_175523_fa92,2026-04-12 18:05:06,future,54
20260412_175523_fa92,2026-04-12 18:05:09,future,54
20260412_175523_fa92,2026-04-12 18:05:09,future,54
20260412_175523_fa92,2026-04-12 18:05:09,future,54
20260412_175523_fa92,2026-04-12 18:05:09,future,54
20260412_175523_fa92,2026-04-12 18:05:10,future,54
20260412_175523_fa92,2026-04-12 18:05:10,future,54
20260412_175523_fa92,2026-04-12 18:05:10,future,54
20260412_175523_fa92,2026-04-12 18:05:10,future,54
20260412_175523_fa92,2026-04-12 18:05:11,future,54
20260412_175523_fa92,2026-04-12 18:05:16,future,54
20260412_175523_fa92,2026-04-12 18:05:16,future,54
20260412_175523_fa92,2026-04-12 18:05:17,past,55
20260412_175523_fa92,2026-04-12 18:05:23,present,56
20260412_175523_fa92,2026-04-12 18:05:24,future,57
20260412_175523_fa92,2026-04-12 18:05:25,past,58
20260412_175523_fa92,2026-04-12 18:05:26,past,58
20260412_175523_fa92,2026-04-12 18:05:26,past,58
20260412_175523_fa92,2026-04-12 18:05:27,past,58
20260412_175523_fa92,2026-04-12 18:05:28,past,58
20260412_175523_fa92,2026-04-12 18:05:28,past,58
20260412_175523_fa92,2026-04-12 18:05:29,past,58
20260412_175523_fa92,2026-04-12 18:05:31,past,58
20260412_175523_fa92,2026-04-12 18:05:32,past,58
20260412_175523_fa92,2026-04-12 18:05:32,past,58
20260412_175523_fa92,2026-04-12 18:05:34,past,58
20260412_175523_fa92,2026-04-12 18:05:34,past,58
20260412_175523_fa92,2026-04-12 18:05:35,past,58
20260412_175523_fa92,2026-04-12 18:05:35,past,58
20260412_175523_fa92,2026-04-12 18:05:37,past,58
20260412_175523_fa92,2026-04-12 18:05:38,past,58
20260412_175523_fa92,2026-04-12 18:05:39,past,58
20260412_175523_fa92,2026-04-12 18:05:43,past,58
20260412_175523_fa92,2026-04-12 18:05:44,present,59
20260412_175523_fa92,2026-04-12 18:05:47,future,60
20260412_175523_fa92,2026-04-12 18:05:50,future,60
20260412_175523_fa92,2026-04-12 18:05:52,future,60
20260412_175523_fa92,2026-04-12 18:05:52,future,60
20260412_175523_fa92,2026-04-12 18:05:53,future,60
20260412_175523_fa92,2026-04-12 18:05:53,future,60
20260412_175523_fa92,2026-04-12 18:05:53,future,60
20260412_175523_fa92,2026-04-12 18:05:54,future,60
20260412_175523_fa92,2026-04-12 18:05:54,future,60
20260412_175523_fa92,2026-04-12 18:05:54,future,60
20260412_175523_fa92,2026-04-12 18:05:55,future,60
20260412_175523_fa92,2026-04-12 18:05:55,future,60
20260412_175523_fa92,2026-04-12 18:05:55,future,60
20260412_175523_fa92,2026-04-12 18:05:55,future,60
20260412_175523_fa92,2026-04-12 18:05:56,future,60
20260412_175523_fa92,2026-04-12 18:05:56,future,60
20260412_175523_fa92,2026-04-12 18:05:56,future,60
20260412_175523_fa92,2026-04-12 18:05:56,future,60
20260412_175523_fa92,2026-04-12 18:05:57,future,60
20260412_175523_fa92,2026-04-12 18:05:57,future,60
20260412_175523_fa92,2026-04-12 18:05:57,future,60
20260412_175523_fa92,2026-04-12 18:05:58,future,60
20260412_175523_fa92,2026-04-12 18:05:58,future,60
20260412_175523_fa92,2026-04-12 18:05:58,future,60
20260412_175523_fa92,2026-04-12 18:05:59,future,60
20260412_175523_fa92,2026-04-12 18:06:00,future,60
20260412_175523_fa92,2026-04-12 18:06:00,future,60
20260412_175523_fa92,2026-04-12 18:06:01,future,60
20260412_175523_fa92,2026-04-12 18:06:02,future,60
20260412_175523_fa92,2026-04-12 18:06:03,future,60
20260412_175523_fa92,2026-04-12 18:06:05,future,60
20260412_175523_fa92,2026-04-12 18:06:06,present,61
20260412_175523_fa92,2026-04-12 18:06:06,future,62
20260412_175523_fa92,2026-04-12 18:06:07,future,62
20260412_175523_fa92,2026-04-12 18:06:08,future,62
20260412_175523_fa92,2026-04-12 18:06:10,past,63
20260412_175523_fa92,2026-04-12 18:06:14,past,63
20260412_175523_fa92,2026-04-12 18:06:17,past,63
20260412_175523_fa92,2026-04-12 18:06:18,past,63
20260412_175523_fa92,2026-04-12 18:06:20,past,63
20260412_175523_fa92,2026-04-12 18:06:20,past,63
20260412_175523_fa92,2026-04-12 18:06:22,past,63
20260412_175523_fa92,2026-04-12 18:06:25,past,63
20260412_175523_fa92,2026-04-12 18:06:25,past,63
20260412_175523_fa92,2026-04-12 18:06:28,past,63
20260412_175523_fa92,2026-04-12 18:06:29,past,63
20260412_175523_fa92,2026-04-12 18:06:29,past,63
20260412_175523_fa92,2026-04-12 18:06:30,past,63
20260412_175523_fa92,2026-04-12 18:06:30,past,63
20260412_175523_fa92,2026-04-12 18:06:31,past,63
20260412_175523_fa92,2026-04-12 18:06:36,past,63
20260412_175523_fa92,2026-04-12 18:06:38,past,63
20260412_175523_fa92,2026-04-12 18:06:39,past,63
20260412_175523_fa92,2026-04-12 18:06:41,past,63
20260412_175523_fa92,2026-04-12 18:06:42,past,63
20260412_175523_fa92,2026-04-12 18:06:44,past,63
20260412_175523_fa92,2026-04-12 18:06:44,past,63
20260412_175523_fa92,2026-04-12 18:06:45,past,63
20260412_175523_fa92,2026-04-12 18:06:46,past,63
20260412_175523_fa92,2026-04-12 18:06:47,past,63
20260412_175523_fa92,2026-04-12 18:06:47,past,63
20260412_175523_fa92,2026-04-12 18:06:47,past,63
20260412_175523_fa92,2026-04-12 18:06:48,past,63
20260412_175523_fa92,2026-04-12 18:06:48,past,63
20260412_175523_fa92,2026-04-12 18:06:48,past,63
20260412_175523_fa92,2026-04-12 18:06:48,past,63
20260412_175523_fa92,2026-04-12 18:06:50,past,63
20260412_175523_fa92,2026-04-12 18:06:50,past,63
20260412_175523_fa92,2026-04-12 18:06:50,past,63
20260412_175523_fa92,2026-04-12 18:06:51,past,63
20260412_175523_fa92,2026-04-12 18:06:51,past,63
20260412_175523_fa92,2026-04-12 18:06:52,past,63
20260412_175523_fa92,2026-04-12 18:06:52,past,63
20260412_175523_fa92,2026-04-12 18:06:53,past,63
20260412_175523_fa92,2026-04-12 18:06:53,past,63
20260412_175523_fa92,2026-04-12 18:06:54,past,63
20260412_175523_fa92,2026-04-12 18:06:54,past,63
20260412_175523_fa92,2026-04-12 18:06:55,past,63
20260412_175523_fa92,2026-04-12 18:06:56,past,63
20260412_175523_fa92,2026-04-12 18:06:58,past,63
20260412_175523_fa92,2026-04-12 18:06:58,past,63
20260412_175523_fa92,2026-04-12 18:06:59,past,63
20260412_175523_fa92,2026-04-12 18:07:01,past,63
20260412_175523_fa92,2026-04-12 18:07:04,past,63
20260412_175523_fa92,2026-04-12 18:07:06,past,63
20260412_175523_fa92,2026-04-12 18:07:07,past,63
20260412_175523_fa92,2026-04-12 18:07:08,past,63
20260412_175523_fa92,2026-04-12 18:07:09,past,63
20260412_175523_fa92,2026-04-12 18:07:10,past,63
20260412_175523_fa92,2026-04-12 18:07:11,future,64
20260412_175523_fa92,2026-04-12 18:07:13,future,64
20260412_175523_fa92,2026-04-12 18:07:14,future,64
20260412_175523_fa92,2026-04-12 18:07:14,future,64
20260412_175523_fa92,2026-04-12 18:07:15,future,64
20260412_175523_fa92,2026-04-12 18:07:15,future,64
20260412_175523_fa92,2026-04-12 18:07:17,future,64
20260412_175523_fa92,2026-04-12 18:07:19,future,64
20260412_175523_fa92,2026-04-12 18:07:19,future,64
20260412_175523_fa92,2026-04-12 18:07:20,future,64
20260412_175523_fa92,2026-04-12 18:07:20,future,64
20260412_175523_fa92,2026-04-12 18:07:21,future,64
20260412_175523_fa92,2026-04-12 18:07:21,future,64
20260412_175523_fa92,2026-04-12 18:07:21,future,64
20260412_175523_fa92,2026-04-12 18:07:22,future,64
20260412_175523_fa92,2026-04-12 18:07:25,future,64
20260412_175523_fa92,2026-04-12 18:07:25,future,64
20260412_175523_fa92,2026-04-12 18:07:26,future,64
20260412_175523_fa92,2026-04-12 18:07:27,future,64
20260412_175523_fa92,2026-04-12 18:07:28,present,65
20260412_175523_fa92,2026-04-12 18:07:29,past,66
20260412_175523_fa92,2026-04-12 18:07:30,past,66
20260412_175523_fa92,2026-04-12 18:07:30,past,66
20260412_175523_fa92,2026-04-12 18:07:31,past,66
20260412_175523_fa92,2026-04-12 18:07:32,past,66
20260412_175523_fa92,2026-04-12 18:07:32,past,66
20260412_175523_fa92,2026-04-12 18:07:33,past,66
20260412_175523_fa92,2026-04-12 18:07:33,past,66
20260412_175523_fa92,2026-04-12 18:07:34,past,66
20260412_175523_fa92,2026-04-12 18:07:35,past,66
20260412_175523_fa92,2026-04-12 18:07:36,past,66
20260412_175523_fa92,2026-04-12 18:07:37,past,66
20260412_175523_fa92,2026-04-12 18:07:38,present,67
20260412_175523_fa92,2026-04-12 18:07:38,present,67
20260412_175523_fa92,2026-04-12 18:07:40,present,67
20260412_175523_fa92,2026-04-12 18:07:41,future,68
20260412_175523_fa92,2026-04-12 18:07:42,past,69
20260412_175523_fa92,2026-04-12 18:07:43,past,69
20260412_175523_fa92,2026-04-12 18:07:44,past,69
20260412_175523_fa92,2026-04-12 18:07:45,past,69
20260412_175523_fa92,2026-04-12 18:07:45,present,70
20260412_175523_fa92,2026-04-12 18:07:46,present,70
20260412_175523_fa92,2026-04-12 18:07:47,present,70
20260412_175523_fa92,2026-04-12 18:07:48,future,71
20260412_175523_fa92,2026-04-12 18:07:48,future,71
20260412_175523_fa92,2026-04-12 18:07:49,future,71
20260412_175523_fa92,2026-04-12 18:07:50,future,71
20260412_175523_fa92,2026-04-12 18:07:52,future,71
20260412_175523_fa92,2026-04-12 18:07:53,future,71
20260412_175523_fa92,2026-04-12 18:07:55,future,71
20260412_175523_fa92,2026-04-12 18:07:56,future,71
20260412_175523_fa92,2026-04-12 18:07:56,future,71
20260412_175523_fa92,2026-04-12 18:07:57,future,71
20260412_175523_fa92,2026-04-12 18:07:58,future,71
20260412_175523_fa92,2026-04-12 18:07:58,future,71
20260412_175523_fa92,2026-04-12 18:07:58,future,71
20260412_175523_fa92,2026-04-12 18:07:59,future,71
20260412_175523_fa92,2026-04-12 18:07:59,future,71
20260412_175523_fa92,2026-04-12 18:08:00,future,71
20260412_175523_fa92,2026-04-12 18:08:00,future,71
20260412_175523_fa92,2026-04-12 18:08:00,future,71
20260412_175523_fa92,2026-04-12 18:08:00,future,71
20260412_175523_fa92,2026-04-12 18:08:00,future,71
20260412_175523_fa92,2026-04-12 18:08:01,future,71
20260412_175523_fa92,2026-04-12 18:08:02,future,71
20260412_175523_fa92,2026-04-12 18:08:03,future,71
20260412_175523_fa92,2026-04-12 18:08:03,present,72
20260412_175523_fa92,2026-04-12 18:08:04,present,72
20260412_175523_fa92,2026-04-12 18:08:05,present,72
20260412_175523_fa92,2026-04-12 18:08:06,present,72
20260412_175523_fa92,2026-04-12 18:08:06,present,72
20260412_175523_fa92,2026-04-12 18:08:10,present,72
20260412_175523_fa92,2026-04-12 18:08:11,present,72
20260412_175523_fa92,2026-04-12 18:08:12,present,72
20260412_175523_fa92,2026-04-12 18:08:13,present,72
20260412_175523_fa92,2026-04-12 18:08:14,present,72
20260412_175523_fa92,2026-04-12 18:08:16,present,72
20260412_175523_fa92,2026-04-12 18:08:18,present,72
20260412_175523_fa92,2026-04-12 18:08:18,past,73
20260412_175523_fa92,2026-04-12 18:08:20,past,73
20260412_175523_fa92,2026-04-12 18:08:20,past,73
20260412_175523_fa92,2026-04-12 18:08:21,past,73
20260412_175523_fa92,2026-04-12 18:08:21,past,73
20260412_175523_fa92,2026-04-12 18:08:22,past,73
20260412_175523_fa92,2026-04-12 18:08:22,past,73
20260412_175523_fa92,2026-04-12 18:08:22,past,73
20260412_175523_fa92,2026-04-12 18:08:23,past,73
20260412_175523_fa92,2026-04-12 18:08:23,past,73
20260412_175523_fa92,2026-04-12 18:08:24,past,73
20260412_175523_fa92,2026-04-12 18:08:25,past,73
20260412_175523_fa92,2026-04-12 18:08:25,past,73
20260412_175523_fa92,2026-04-12 18:08:25,past,73
20260412_175523_fa92,2026-04-12 18:08:25,past,73
20260412_175523_fa92,2026-04-12 18:08:26,past,73
20260412_175523_fa92,2026-04-12 18:08:27,past,73
20260412_175523_fa92,2026-04-12 18:08:29,past,73
20260412_175523_fa92,2026-04-12 18:08:30,past,73
20260412_175523_fa92,2026-04-12 18:08:30,past,73
20260412_175523_fa92,2026-04-12 18:08:31,past,73
20260412_175523_fa92,2026-04-12 18:08:32,past,73
20260412_175523_fa92,2026-04-12 18:08:32,past,73
20260412_175523_fa92,2026-04-12 18:08:33,past,73
20260412_175523_fa92,2026-04-12 18:08:35,past,73
20260412_175523_fa92,2026-04-12 18:08:35,past,73
20260412_175523_fa92,2026-04-12 18:08:36,past,73
20260412_175523_fa92,2026-04-12 18:08:36,past,73
20260412_175523_fa92,2026-04-12 18:08:37,past,73
20260412_175523_fa92,2026-04-12 18:08:37,past,73
20260412_175523_fa92,2026-04-12 18:08:38,past,73
20260412_175523_fa92,2026-04-12 18:08:39,past,73
20260412_175523_fa92,2026-04-12 18:08:40,past,73
20260412_175523_fa92,2026-04-12 18:08:40,past,73
20260412_175523_fa92,2026-04-12 18:08:41,past,73
20260412_175523_fa92,2026-04-12 18:08:41,past,73
20260412_175523_fa92,2026-04-12 18:08:43,past,73
20260412_175523_fa92,2026-04-12 18:08:43,past,73
20260412_175523_fa92,2026-04-12 18:08:44,present,74
20260412_175523_fa92,2026-04-12 18:08:45,present,74
20260412_175523_fa92,2026-04-12 18:08:46,present,74
20260412_175523_fa92,2026-04-12 18:08:46,future,75
20260412_175523_fa92,2026-04-12 18:08:47,future,75
20260412_175523_fa92,2026-04-12 18:08:48,future,75
20260412_175523_fa92,2026-04-12 18:08:48,future,75
20260412_175523_fa92,2026-04-12 18:08:50,future,75
20260412_175523_fa92,2026-04-12 18:08:50,future,75
20260412_175523_fa92,2026-04-12 18:08:51,future,75
20260412_175523_fa92,2026-04-12 18:08:52,future,75
20260412_175523_fa92,2026-04-12 18:08:55,future,75
20260412_175523_fa92,2026-04-12 18:08:56,future,75
20260412_175523_fa92,2026-04-12 18:08:56,future,75
20260412_175523_fa92,2026-04-12 18:08:57,future,75
20260412_175523_fa92,2026-04-12 18:08:57,future,75
20260412_175523_fa92,2026-04-12 18:08:57,future,75
20260412_175523_fa92,2026-04-12 18:08:57,future,75
20260412_175523_fa92,2026-04-12 18:08:59,future,75
20260412_175523_fa92,2026-04-12 18:08:59,future,75
20260412_175523_fa92,2026-04-12 18:09:00,future,75
20260412_175523_fa92,2026-04-12 18:09:00,future,75
20260412_175523_fa92,2026-04-12 18:09:02,future,75
20260412_175523_fa92,2026-04-12 18:09:03,future,75
20260412_175523_fa92,2026-04-12 18:09:03,future,75
20260412_175523_fa92,2026-04-12 18:09:05,future,75
20260412_175523_fa92,2026-04-12 18:09:07,future,75
20260412_175523_fa92,2026-04-12 18:09:09,future,75
20260412_175523_fa92,2026-04-12 18:09:10,future,75
20260412_175523_fa92,2026-04-12 18:09:11,future,75
20260412_175523_fa92,2026-04-12 18:09:11,future,75
20260412_175523_fa92,2026-04-12 18:09:11,future,75
20260412_175523_fa92,2026-04-12 18:09:12,future,75
20260412_175523_fa92,2026-04-12 18:09:13,future,75
20260412_175523_fa92,2026-04-12 18:09:14,present,76
20260412_175523_fa92,2026-04-12 18:09:15,past,77
20260412_175523_fa92,2026-04-12 18:09:16,past,77
20260412_175523_fa92,2026-04-12 18:09:17,past,77
20260412_175523_fa92,2026-04-12 18:09:19,past,77
20260412_175523_fa92,2026-04-12 18:09:20,past,77
20260412_175523_fa92,2026-04-12 18:09:21,past,77
20260412_175523_fa92,2026-04-12 18:09:22,past,77
20260412_175523_fa92,2026-04-12 18:09:23,past,77
20260412_175523_fa92,2026-04-12 18:09:24,past,77
20260412_175523_fa92,2026-04-12 18:09:25,past,77
20260412_175523_fa92,2026-04-12 18:09:27,past,77
20260412_175523_fa92,2026-04-12 18:09:28,past,77
20260412_175523_fa92,2026-04-12 18:09:29,past,77
20260412_175523_fa92,2026-04-12 18:09:30,past,77
20260412_175523_fa92,2026-04-12 18:09:30,past,77
20260412_175523_fa92,2026-04-12 18:09:31,past,77
20260412_175523_fa92,2026-04-12 18:09:32,past,77
20260412_175523_fa92,2026-04-12 18:09:38,past,77
20260412_181610_a7bb,2026-04-12 18:16:15,present,0
20260412_181610_a7bb,2026-04-12 18:16:16,present,0
20260412_181610_a7bb,2026-04-12 18:16:21,present,0
20260412_181610_a7bb,2026-04-12 18:16:23,present,0
20260412_181610_a7bb,2026-04-12 18:16:25,present,0
20260412_181610_a7bb,2026-04-12 18:16:28,present,0
20260412_181610_a7bb,2026-04-12 18:16:33,present,0
20260412_181610_a7bb,2026-04-12 18:16:36,present,0
20260412_181610_a7bb,2026-04-12 18:16:40,present,0
20260412_181610_a7bb,2026-04-12 18:16:45,present,0
20260412_181610_a7bb,2026-04-12 18:16:47,present,0
20260412_181610_a7bb,2026-04-12 18:16:51,present,0
20260412_181610_a7bb,2026-04-12 18:16:57,present,0
20260412_181610_a7bb,2026-04-12 18:17:02,present,0
20260412_181610_a7bb,2026-04-12 18:17:04,present,0
20260412_181610_a7bb,2026-04-12 18:17:06,present,0
20260412_181610_a7bb,2026-04-12 18:17:10,past,1
20260412_181610_a7bb,2026-04-12 18:17:11,present,2
20260412_181610_a7bb,2026-04-12 18:17:12,present,2
20260412_181610_a7bb,2026-04-12 18:17:13,past,3
20260412_181610_a7bb,2026-04-12 18:17:14,future,4
20260412_181610_a7bb,2026-04-12 18:17:15,present,5
20260412_181610_a7bb,2026-04-12 18:17:16,past,6
20260412_181610_a7bb,2026-04-12 18:17:20,present,7
20260412_181610_a7bb,2026-04-12 18:17:22,present,7
20260412_181610_a7bb,2026-04-12 18:17:29,present,7
20260412_181610_a7bb,2026-04-12 18:17:39,present,7
20260412_181610_a7bb,2026-04-12 18:17:47,present,7
20260412_181610_a7bb,2026-04-12 18:17:50,present,7
20260412_181610_a7bb,2026-04-12 18:17:51,present,7
20260412_181610_a7bb,2026-04-12 18:18:07,present,7
20260412_181610_a7bb,2026-04-12 18:18:19,present,7
20260412_181610_a7bb,2026-04-12 18:18:23,present,7
20260412_181610_a7bb,2026-04-12 18:18:25,present,7
20260412_181610_a7bb,2026-04-12 18:18:26,present,7
20260412_181610_a7bb,2026-04-12 18:18:35,present,7
20260412_181610_a7bb,2026-04-12 18:18:39,present,7
20260412_181610_a7bb,2026-04-12 18:18:45,present,7
20260412_181610_a7bb,2026-04-12 18:18:49,past,8
20260412_181610_a7bb,2026-04-12 18:18:51,past,8
20260412_181610_a7bb,2026-04-12 18:18:53,present,9
20260412_181610_a7bb,2026-04-12 18:18:54,past,10
20260412_181610_a7bb,2026-04-12 18:18:56,past,10
20260412_181610_a7bb,2026-04-12 18:18:56,past,10
20260412_181610_a7bb,2026-04-12 18:18:57,past,10
20260412_181610_a7bb,2026-04-12 18:18:57,past,10
20260412_181610_a7bb,2026-04-12 18:19:00,past,10
20260412_181610_a7bb,2026-04-12 18:19:01,past,10
20260412_181610_a7bb,2026-04-12 18:19:01,present,11
20260412_181610_a7bb,2026-04-12 18:19:03,present,11
20260412_181610_a7bb,2026-04-12 18:19:04,present,11
20260412_181610_a7bb,2026-04-12 18:19:08,present,11
20260412_181610_a7bb,2026-04-12 18:19:13,present,11
20260412_181610_a7bb,2026-04-12 18:19:18,present,11
20260412_181610_a7bb,2026-04-12 18:19:22,present,11
20260412_181610_a7bb,2026-04-12 18:19:25,present,11
20260412_181610_a7bb,2026-04-12 18:19:26,present,11
20260412_181610_a7bb,2026-04-12 18:19:28,present,11
20260412_181610_a7bb,2026-04-12 18:19:29,present,11
20260412_181610_a7bb,2026-04-12 18:19:34,present,11
20260412_181610_a7bb,2026-04-12 18:19:36,future,12
20260412_181610_a7bb,2026-04-12 18:19:38,future,12
20260412_181610_a7bb,2026-04-12 18:19:39,future,12
20260412_181610_a7bb,2026-04-12 18:19:43,future,12
20260412_181610_a7bb,2026-04-12 18:19:46,past,13
20260412_181610_a7bb,2026-04-12 18:19:47,past,13
20260412_181610_a7bb,2026-04-12 18:19:48,past,13
20260412_181610_a7bb,2026-04-12 18:19:49,past,13
20260412_181610_a7bb,2026-04-12 18:19:50,past,13
20260412_181610_a7bb,2026-04-12 18:19:50,past,13
20260412_181610_a7bb,2026-04-12 18:19:51,past,13
20260412_181610_a7bb,2026-04-12 18:19:52,past,13
20260412_181610_a7bb,2026-04-12 18:19:52,past,13
20260412_181610_a7bb,2026-04-12 18:19:53,past,13
20260412_181610_a7bb,2026-04-12 18:19:55,past,13
20260412_181610_a7bb,2026-04-12 18:19:57,past,13
20260412_181610_a7bb,2026-04-12 18:20:02,past,13
20260412_181610_a7bb,2026-04-12 18:20:07,past,13
20260412_181610_a7bb,2026-04-12 18:20:08,past,13
20260412_181610_a7bb,2026-04-12 18:20:11,past,13
20260412_181610_a7bb,2026-04-12 18:20:12,past,13
20260412_181610_a7bb,2026-04-12 18:20:13,past,13
20260412_181610_a7bb,2026-04-12 18:20:17,past,13
20260412_181610_a7bb,2026-04-12 18:20:18,past,13
20260412_181610_a7bb,2026-04-12 18:20:20,past,13
20260412_181610_a7bb,2026-04-12 18:20:20,past,13
20260412_181610_a7bb,2026-04-12 18:20:21,past,13
20260412_181610_a7bb,2026-04-12 18:20:22,present,14
20260412_181610_a7bb,2026-04-12 18:20:28,present,14
20260412_181610_a7bb,2026-04-12 18:20:29,present,14
20260412_181610_a7bb,2026-04-12 18:20:32,present,14
20260412_181610_a7bb,2026-04-12 18:20:32,present,14
20260412_181610_a7bb,2026-04-12 18:20:32,present,14
20260412_181610_a7bb,2026-04-12 18:20:32,present,14
20260412_181610_a7bb,2026-04-12 18:20:33,present,14
20260412_181610_a7bb,2026-04-12 18:20:33,present,14
20260412_181610_a7bb,2026-04-12 18:20:34,present,14
20260412_181610_a7bb,2026-04-12 18:20:34,future,15
20260412_181610_a7bb,2026-04-12 18:20:38,future,15
20260412_181610_a7bb,2026-04-12 18:20:41,future,15
20260412_181610_a7bb,2026-04-12 18:20:42,future,15
20260412_181610_a7bb,2026-04-12 18:20:43,future,15
20260412_181610_a7bb,2026-04-12 18:20:44,future,15
20260412_181610_a7bb,2026-04-12 18:20:49,future,15
20260412_181610_a7bb,2026-04-12 18:20:50,future,15
20260412_181610_a7bb,2026-04-12 18:20:52,future,15
20260412_181610_a7bb,2026-04-12 18:20:54,future,15
20260412_181610_a7bb,2026-04-12 18:20:55,future,15
20260412_181610_a7bb,2026-04-12 18:20:56,future,15
20260412_181610_a7bb,2026-04-12 18:20:57,future,15
20260412_181610_a7bb,2026-04-12 18:20:58,future,15
20260412_181610_a7bb,2026-04-12 18:21:01,future,15
20260412_181610_a7bb,2026-04-12 18:21:06,future,15
20260412_181610_a7bb,2026-04-12 18:21:07,future,15
20260412_181610_a7bb,2026-04-12 18:21:08,future,15
20260412_181610_a7bb,2026-04-12 18:21:11,future,15
20260412_181610_a7bb,2026-04-12 18:21:14,future,15
20260412_181610_a7bb,2026-04-12 18:21:18,future,15
20260412_181610_a7bb,2026-04-12 18:21:19,future,15
20260412_181610_a7bb,2026-04-12 18:21:27,future,15
20260412_181610_a7bb,2026-04-12 18:21:29,future,15
20260412_181610_a7bb,2026-04-12 18:21:30,future,15
20260412_181610_a7bb,2026-04-12 18:21:32,present,16
20260412_181610_a7bb,2026-04-12 18:21:38,past,17
20260412_181610_a7bb,2026-04-12 18:21:41,past,17
20260412_181610_a7bb,2026-04-12 18:21:42,past,17
20260412_181610_a7bb,2026-04-12 18:21:45,past,17
20260412_181610_a7bb,2026-04-12 18:21:51,past,17
20260412_181610_a7bb,2026-04-12 18:21:55,past,17
20260412_181610_a7bb,2026-04-12 18:21:56,past,17
20260412_181610_a7bb,2026-04-12 18:21:58,past,17
20260412_181610_a7bb,2026-04-12 18:21:59,past,17
20260412_181610_a7bb,2026-04-12 18:22:01,past,17
20260412_181610_a7bb,2026-04-12 18:22:03,past,17
20260412_181610_a7bb,2026-04-12 18:22:06,past,17
20260412_181610_a7bb,2026-04-12 18:22:09,past,17
20260412_181610_a7bb,2026-04-12 18:22:12,past,17
20260412_181610_a7bb,2026-04-12 18:22:12,past,17
20260412_181610_a7bb,2026-04-12 18:22:13,past,17
20260412_181610_a7bb,2026-04-12 18:22:14,past,17
20260412_181610_a7bb,2026-04-12 18:22:20,past,17
20260412_181610_a7bb,2026-04-12 18:22:25,past,17
20260412_181610_a7bb,2026-04-12 18:22:28,past,17
20260412_181610_a7bb,2026-04-12 18:22:30,past,17
20260412_181610_a7bb,2026-04-12 18:22:30,past,17
20260412_181610_a7bb,2026-04-12 18:22:33,past,17
20260412_181610_a7bb,2026-04-12 18:22:34,past,17
20260412_181610_a7bb,2026-04-12 18:22:35,past,17
20260412_181610_a7bb,2026-04-12 18:22:39,past,17
20260412_181610_a7bb,2026-04-12 18:22:39,future,18
20260412_181610_a7bb,2026-04-12 18:22:41,future,18
20260412_181610_a7bb,2026-04-12 18:22:43,future,18
20260412_181610_a7bb,2026-04-12 18:22:45,future,18
20260412_181610_a7bb,2026-04-12 18:22:45,future,18
20260412_181610_a7bb,2026-04-12 18:22:47,future,18
20260412_181610_a7bb,2026-04-12 18:22:48,future,18
20260412_181610_a7bb,2026-04-12 18:22:48,future,18
20260412_181610_a7bb,2026-04-12 18:22:49,present,19
20260412_181610_a7bb,2026-04-12 18:22:51,past,20
20260412_181610_a7bb,2026-04-12 18:22:52,past,20
20260412_181610_a7bb,2026-04-12 18:22:53,past,20
20260412_181610_a7bb,2026-04-12 18:22:58,past,20
20260412_181610_a7bb,2026-04-12 18:23:01,present,21
20260412_181610_a7bb,2026-04-12 18:23:01,future,22
20260412_181610_a7bb,2026-04-12 18:23:02,future,22
20260412_181610_a7bb,2026-04-12 18:23:03,present,23
20260412_181610_a7bb,2026-04-12 18:23:04,present,23
20260412_181610_a7bb,2026-04-12 18:23:05,present,23
20260412_181610_a7bb,2026-04-12 18:23:13,present,23
20260412_181610_a7bb,2026-04-12 18:23:13,present,23
20260412_181610_a7bb,2026-04-12 18:23:15,present,23
20260412_181610_a7bb,2026-04-12 18:23:17,present,23
20260412_181610_a7bb,2026-04-12 18:23:18,past,24
20260412_181610_a7bb,2026-04-12 18:23:20,past,24
20260412_181610_a7bb,2026-04-12 18:23:21,past,24
20260412_181610_a7bb,2026-04-12 18:23:25,past,24
20260412_181610_a7bb,2026-04-12 18:23:26,past,24
20260412_181610_a7bb,2026-04-12 18:23:27,past,24
20260412_181610_a7bb,2026-04-12 18:23:28,past,24
20260412_181610_a7bb,2026-04-12 18:23:31,past,24
20260412_181610_a7bb,2026-04-12 18:23:32,past,24
20260412_181610_a7bb,2026-04-12 18:23:48,past,24
20260412_181610_a7bb,2026-04-12 18:24:00,past,24
20260412_181610_a7bb,2026-04-12 18:24:03,past,24
20260412_181610_a7bb,2026-04-12 18:24:03,past,24
20260412_181610_a7bb,2026-04-12 18:24:07,past,24
20260412_181610_a7bb,2026-04-12 18:24:08,present,25
20260412_181610_a7bb,2026-04-12 18:24:12,future,26
20260412_181610_a7bb,2026-04-12 18:24:13,future,26
20260412_181610_a7bb,2026-04-12 18:24:16,present,27
20260412_181610_a7bb,2026-04-12 18:24:18,present,27
20260412_181610_a7bb,2026-04-12 18:24:20,present,27
20260412_181610_a7bb,2026-04-12 18:24:20,present,27
20260412_181610_a7bb,2026-04-12 18:24:20,present,27
20260412_181610_a7bb,2026-04-12 18:24:22,past,28
20260412_181610_a7bb,2026-04-12 18:24:26,past,28
20260412_181610_a7bb,2026-04-12 18:24:27,past,28
20260412_181610_a7bb,2026-04-12 18:24:30,past,28
20260412_181610_a7bb,2026-04-12 18:24:33,present,29
20260412_181610_a7bb,2026-04-12 18:24:34,future,30
20260412_181610_a7bb,2026-04-12 18:24:38,future,30
20260412_181610_a7bb,2026-04-12 18:24:42,future,30
20260412_181610_a7bb,2026-04-12 18:24:45,future,30
20260412_181610_a7bb,2026-04-12 18:24:45,future,30
20260412_181610_a7bb,2026-04-12 18:24:46,future,30
20260412_181610_a7bb,2026-04-12 18:24:46,future,30
20260412_181610_a7bb,2026-04-12 18:24:48,future,30
20260412_181610_a7bb,2026-04-12 18:24:49,future,30
20260412_181610_a7bb,2026-04-12 18:24:50,future,30
20260412_181610_a7bb,2026-04-12 18:24:57,future,30
20260412_181610_a7bb,2026-04-12 18:24:58,future,30
20260412_181610_a7bb,2026-04-12 18:25:04,future,30
20260412_181610_a7bb,2026-04-12 18:25:06,future,30
20260412_181610_a7bb,2026-04-12 18:25:08,future,30
20260412_181610_a7bb,2026-04-12 18:25:08,future,30
20260412_181610_a7bb,2026-04-12 18:25:09,future,30
20260412_181610_a7bb,2026-04-12 18:25:10,past,31
20260412_181610_a7bb,2026-04-12 18:25:13,past,31
20260412_181610_a7bb,2026-04-12 18:25:13,past,31
20260412_181610_a7bb,2026-04-12 18:25:14,past,31
20260412_181610_a7bb,2026-04-12 18:25:14,past,31
20260412_181610_a7bb,2026-04-12 18:25:14,past,31
20260412_181610_a7bb,2026-04-12 18:25:15,past,31
20260412_181610_a7bb,2026-04-12 18:25:15,past,31
20260412_181610_a7bb,2026-04-12 18:25:18,past,31
20260412_181610_a7bb,2026-04-12 18:25:21,past,31
20260412_181610_a7bb,2026-04-12 18:25:22,past,31
20260412_181610_a7bb,2026-04-12 18:25:23,past,31
20260412_181610_a7bb,2026-04-12 18:25:24,past,31
20260412_181610_a7bb,2026-04-12 18:25:25,past,31
20260412_181610_a7bb,2026-04-12 18:25:31,past,31
20260412_181610_a7bb,2026-04-12 18:25:33,past,31
20260412_181610_a7bb,2026-04-12 18:25:34,past,31
20260412_181610_a7bb,2026-04-12 18:25:34,past,31
20260412_181610_a7bb,2026-04-12 18:25:36,past,31
20260412_181610_a7bb,2026-04-12 18:25:41,past,31
20260412_181610_a7bb,2026-04-12 18:25:47,past,31
20260412_181610_a7bb,2026-04-12 18:25:48,past,31
20260412_181610_a7bb,2026-04-12 18:25:49,present,32
20260412_181610_a7bb,2026-04-12 18:25:50,present,32
20260412_181610_a7bb,2026-04-12 18:25:56,present,32
20260412_181610_a7bb,2026-04-12 18:26:02,present,32
20260412_181610_a7bb,2026-04-12 18:26:06,present,32
20260412_181610_a7bb,2026-04-12 18:26:07,present,32
20260412_181610_a7bb,2026-04-12 18:26:08,present,32
20260412_181610_a7bb,2026-04-12 18:26:08,present,32
20260412_181610_a7bb,2026-04-12 18:26:10,present,32
20260412_181610_a7bb,2026-04-12 18:26:10,future,33
20260412_181610_a7bb,2026-04-12 18:26:11,future,33
20260412_181610_a7bb,2026-04-12 18:26:12,future,33
20260412_181610_a7bb,2026-04-12 18:26:18,future,33
20260412_181610_a7bb,2026-04-12 18:26:18,future,33
20260412_181610_a7bb,2026-04-12 18:26:19,future,33
20260412_181610_a7bb,2026-04-12 18:26:21,future,33
20260412_181610_a7bb,2026-04-12 18:26:23,future,33
20260412_181610_a7bb,2026-04-12 18:26:23,future,33
20260412_181610_a7bb,2026-04-12 18:26:24,future,33
20260412_181610_a7bb,2026-04-12 18:26:25,future,33
20260412_181610_a7bb,2026-04-12 18:26:25,future,33
20260412_181610_a7bb,2026-04-12 18:26:26,future,33
20260412_181610_a7bb,2026-04-12 18:26:26,future,33
20260412_181610_a7bb,2026-04-12 18:26:26,future,33
20260412_181610_a7bb,2026-04-12 18:26:33,future,33
20260412_181610_a7bb,2026-04-12 18:26:34,past,34
20260412_181610_a7bb,2026-04-12 18:26:36,past,34
20260412_181610_a7bb,2026-04-12 18:26:38,past,34
20260412_181610_a7bb,2026-04-12 18:26:40,past,34
20260412_181610_a7bb,2026-04-12 18:26:40,past,34
20260412_181610_a7bb,2026-04-12 18:26:41,past,34
20260412_181610_a7bb,2026-04-12 18:26:41,past,34
20260412_181610_a7bb,2026-04-12 18:26:42,past,34
20260412_181610_a7bb,2026-04-12 18:26:46,past,34
20260412_181610_a7bb,2026-04-12 18:26:46,past,34
20260412_181610_a7bb,2026-04-12 18:26:51,past,34
20260412_181610_a7bb,2026-04-12 18:26:51,past,34
20260412_181610_a7bb,2026-04-12 18:26:52,past,34
20260412_181610_a7bb,2026-04-12 18:26:57,past,34
20260412_181610_a7bb,2026-04-12 18:26:58,past,34
20260412_181610_a7bb,2026-04-12 18:27:01,past,34
20260412_181610_a7bb,2026-04-12 18:27:05,past,34
20260412_181610_a7bb,2026-04-12 18:27:11,past,34
20260412_181610_a7bb,2026-04-12 18:27:12,past,34
20260412_181610_a7bb,2026-04-12 18:27:12,past,34
20260412_181610_a7bb,2026-04-12 18:27:15,past,34
20260412_181610_a7bb,2026-04-12 18:27:21,past,34
20260412_181610_a7bb,2026-04-12 18:27:23,past,34
20260412_181610_a7bb,2026-04-12 18:27:25,past,34
20260412_181610_a7bb,2026-04-12 18:27:26,present,35
20260412_181610_a7bb,2026-04-12 18:27:29,past,36
20260412_181610_a7bb,2026-04-12 18:27:30,present,37
20260412_181610_a7bb,2026-04-12 18:27:31,past,38
20260412_181610_a7bb,2026-04-12 18:27:32,present,39
20260412_181610_a7bb,2026-04-12 18:27:33,future,40
20260412_181610_a7bb,2026-04-12 18:27:37,future,40
20260412_181610_a7bb,2026-04-12 18:27:46,future,40
20260412_181610_a7bb,2026-04-12 18:27:47,future,40
20260412_181610_a7bb,2026-04-12 18:27:47,future,40
20260412_181610_a7bb,2026-04-12 18:27:48,future,40
20260412_181610_a7bb,2026-04-12 18:27:48,future,40
20260412_181610_a7bb,2026-04-12 18:27:48,future,40
20260412_181610_a7bb,2026-04-12 18:27:49,future,40
20260412_181610_a7bb,2026-04-12 18:27:50,future,40
20260412_181610_a7bb,2026-04-12 18:27:50,future,40
20260412_181610_a7bb,2026-04-12 18:27:50,future,40
20260412_181610_a7bb,2026-04-12 18:27:51,future,40
20260412_181610_a7bb,2026-04-12 18:27:51,future,40
20260412_181610_a7bb,2026-04-12 18:27:52,future,40
20260412_181610_a7bb,2026-04-12 18:27:53,future,40
20260412_181610_a7bb,2026-04-12 18:27:54,future,40
20260412_181610_a7bb,2026-04-12 18:27:54,future,40
20260412_181610_a7bb,2026-04-12 18:27:56,future,40
20260412_181610_a7bb,2026-04-12 18:27:59,future,40
20260412_181610_a7bb,2026-04-12 18:28:02,future,40
20260412_181610_a7bb,2026-04-12 18:28:02,future,40
20260412_181610_a7bb,2026-04-12 18:28:03,future,40
20260412_181610_a7bb,2026-04-12 18:28:03,future,40
20260412_181610_a7bb,2026-04-12 18:28:12,future,40
20260412_181610_a7bb,2026-04-12 18:28:15,future,40
20260412_181610_a7bb,2026-04-12 18:28:17,future,40
20260412_181610_a7bb,2026-04-12 18:28:26,future,40
20260412_181610_a7bb,2026-04-12 18:28:33,future,40
20260412_181610_a7bb,2026-04-12 18:28:33,future,40
20260412_181610_a7bb,2026-04-12 18:28:35,future,40
20260412_181610_a7bb,2026-04-12 18:28:35,future,40
20260412_181610_a7bb,2026-04-12 18:28:37,future,40
20260412_181610_a7bb,2026-04-12 18:28:37,present,41
20260412_181610_a7bb,2026-04-12 18:28:44,present,41
20260412_181610_a7bb,2026-04-12 18:28:45,present,41
20260412_181610_a7bb,2026-04-12 18:28:45,present,41
20260412_181610_a7bb,2026-04-12 18:28:49,past,42
20260412_181610_a7bb,2026-04-12 18:28:57,past,42
20260412_181610_a7bb,2026-04-12 18:28:58,past,42
20260412_181610_a7bb,2026-04-12 18:28:59,past,42
20260412_181610_a7bb,2026-04-12 18:28:59,past,42
20260412_181610_a7bb,2026-04-12 18:29:00,past,42
20260412_181610_a7bb,2026-04-12 18:29:00,past,42
20260412_181610_a7bb,2026-04-12 18:29:00,past,42
20260412_181610_a7bb,2026-04-12 18:29:00,past,42
20260412_181610_a7bb,2026-04-12 18:29:00,past,42
20260412_181610_a7bb,2026-04-12 18:29:01,past,42
20260412_181610_a7bb,2026-04-12 18:29:01,past,42
20260412_181610_a7bb,2026-04-12 18:29:01,past,42
20260412_181610_a7bb,2026-04-12 18:29:01,past,42
20260412_181610_a7bb,2026-04-12 18:29:02,past,42
20260412_181610_a7bb,2026-04-12 18:29:03,past,42
20260412_181610_a7bb,2026-04-12 18:29:03,past,42
20260412_181610_a7bb,2026-04-12 18:29:05,future,43
20260412_181610_a7bb,2026-04-12 18:29:08,future,43
20260412_181610_a7bb,2026-04-12 18:29:08,future,43
20260412_181610_a7bb,2026-04-12 18:29:09,past,44
20260412_181610_a7bb,2026-04-12 18:29:12,present,45
20260412_181610_a7bb,2026-04-12 18:29:14,present,45
20260412_181610_a7bb,2026-04-12 18:29:14,present,45
20260412_181610_a7bb,2026-04-12 18:29:15,present,45
20260412_181610_a7bb,2026-04-12 18:29:22,present,45
20260412_181610_a7bb,2026-04-12 18:29:23,present,45
20260412_181610_a7bb,2026-04-12 18:29:29,present,45
20260412_181610_a7bb,2026-04-12 18:29:30,future,46
20260412_181610_a7bb,2026-04-12 18:29:31,future,46
20260412_181610_a7bb,2026-04-12 18:29:32,future,46
20260412_181610_a7bb,2026-04-12 18:29:34,future,46
20260412_181610_a7bb,2026-04-12 18:29:35,future,46
20260412_181610_a7bb,2026-04-12 18:29:35,future,46
20260412_181610_a7bb,2026-04-12 18:29:35,future,46
20260412_181610_a7bb,2026-04-12 18:29:36,future,46
20260412_181610_a7bb,2026-04-12 18:29:37,future,46
20260412_181610_a7bb,2026-04-12 18:29:40,future,46
20260412_181610_a7bb,2026-04-12 18:29:41,future,46
20260412_181610_a7bb,2026-04-12 18:29:48,future,46
20260412_181610_a7bb,2026-04-12 18:29:49,future,46
20260412_181610_a7bb,2026-04-12 18:29:54,future,46
20260412_181610_a7bb,2026-04-12 18:29:55,future,46
20260412_181610_a7bb,2026-04-12 18:29:56,future,46
20260412_181610_a7bb,2026-04-12 18:29:57,future,46
20260412_181610_a7bb,2026-04-12 18:30:01,future,46
20260412_181610_a7bb,2026-04-12 18:30:06,future,46
20260412_181610_a7bb,2026-04-12 18:30:11,future,46
20260412_181610_a7bb,2026-04-12 18:30:12,future,46
20260412_181610_a7bb,2026-04-12 18:30:13,future,46
20260412_181610_a7bb,2026-04-12 18:30:14,future,46
20260412_181610_a7bb,2026-04-12 18:30:16,future,46
20260412_181610_a7bb,2026-04-12 18:30:18,future,46
20260412_181610_a7bb,2026-04-12 18:30:18,future,46
20260412_181610_a7bb,2026-04-12 18:30:19,future,46
20260412_181610_a7bb,2026-04-12 18:30:24,future,46
20260412_181610_a7bb,2026-04-12 18:30:27,future,46
20260412_181610_a7bb,2026-04-12 18:30:28,present,47
20260412_181610_a7bb,2026-04-12 18:30:29,past,48
20260412_181610_a7bb,2026-04-12 18:30:31,past,48
20260412_181610_a7bb,2026-04-12 18:30:35,past,48
20260412_181610_a7bb,2026-04-12 18:30:36,past,48
20260412_181610_a7bb,2026-04-12 18:30:36,past,48
20260412_181610_a7bb,2026-04-12 18:30:37,past,48
20260412_181610_a7bb,2026-04-12 18:30:38,past,48
20260412_181610_a7bb,2026-04-12 18:30:39,past,48
20260412_181610_a7bb,2026-04-12 18:30:40,past,48
20260412_181610_a7bb,2026-04-12 18:30:42,past,48
20260412_181610_a7bb,2026-04-12 18:30:45,past,48
20260412_181610_a7bb,2026-04-12 18:30:46,past,48
20260412_181610_a7bb,2026-04-12 18:30:47,past,48
20260412_181610_a7bb,2026-04-12 18:30:48,past,48
20260412_181610_a7bb,2026-04-12 18:30:48,past,48
20260412_181610_a7bb,2026-04-12 18:30:49,past,48
20260412_181610_a7bb,2026-04-12 18:30:51,past,48
20260412_181610_a7bb,2026-04-12 18:30:52,future,49
20260412_181610_a7bb,2026-04-12 18:30:52,future,49
20260412_181610_a7bb,2026-04-12 18:30:54,future,49
20260412_181610_a7bb,2026-04-12 18:31:03,future,49
20260412_181610_a7bb,2026-04-12 18:31:04,future,49
20260412_181610_a7bb,2026-04-12 18:31:04,present,50
20260412_181610_a7bb,2026-04-12 18:31:06,past,51
20260412_181610_a7bb,2026-04-12 18:31:07,past,51
20260412_181610_a7bb,2026-04-12 18:31:08,past,51
20260412_181610_a7bb,2026-04-12 18:31:09,past,51
20260412_181610_a7bb,2026-04-12 18:31:09,past,51
20260412_181610_a7bb,2026-04-12 18:31:10,past,51
20260412_181610_a7bb,2026-04-12 18:31:15,past,51
20260412_181610_a7bb,2026-04-12 18:31:17,past,51
20260412_181610_a7bb,2026-04-12 18:31:18,past,51
20260412_181610_a7bb,2026-04-12 18:31:23,past,51
20260412_181610_a7bb,2026-04-12 18:31:23,past,51
20260412_181610_a7bb,2026-04-12 18:31:24,past,51
20260412_181610_a7bb,2026-04-12 18:31:25,past,51
20260412_181610_a7bb,2026-04-12 18:31:26,past,51
20260412_181610_a7bb,2026-04-12 18:31:26,past,51
20260412_181610_a7bb,2026-04-12 18:31:31,past,51
20260412_181610_a7bb,2026-04-12 18:31:34,past,51
20260412_181610_a7bb,2026-04-12 18:31:38,past,51
20260412_181610_a7bb,2026-04-12 18:31:40,past,51
20260412_181610_a7bb,2026-04-12 18:31:41,past,51
20260412_181610_a7bb,2026-04-12 18:31:41,past,51
20260412_181610_a7bb,2026-04-12 18:31:43,present,52
20260412_181610_a7bb,2026-04-12 18:31:45,future,53
20260412_181610_a7bb,2026-04-12 18:31:57,past,54
20260412_181610_a7bb,2026-04-12 18:32:02,past,54
20260412_181610_a7bb,2026-04-12 18:32:04,past,54
20260412_181610_a7bb,2026-04-12 18:32:04,past,54
20260412_181610_a7bb,2026-04-12 18:32:06,past,54
20260412_181610_a7bb,2026-04-12 18:32:07,past,54
20260412_181610_a7bb,2026-04-12 18:32:10,past,54
20260412_181610_a7bb,2026-04-12 18:32:12,past,54
20260412_181610_a7bb,2026-04-12 18:32:13,past,54
20260412_181610_a7bb,2026-04-12 18:32:14,future,55
20260412_181610_a7bb,2026-04-12 18:32:15,future,55
20260412_181610_a7bb,2026-04-12 18:32:17,past,56
20260412_181610_a7bb,2026-04-12 18:32:19,present,57
20260412_181610_a7bb,2026-04-12 18:32:21,future,58
20260412_181610_a7bb,2026-04-12 18:32:27,future,58
20260412_181610_a7bb,2026-04-12 18:32:28,future,58
20260412_181610_a7bb,2026-04-12 18:32:33,future,58
20260412_181610_a7bb,2026-04-12 18:32:37,past,59
20260412_181610_a7bb,2026-04-12 18:32:41,past,59
20260412_181610_a7bb,2026-04-12 18:32:42,past,59
20260412_181610_a7bb,2026-04-12 18:32:44,past,59
20260412_181610_a7bb,2026-04-12 18:32:51,past,59
20260412_181610_a7bb,2026-04-12 18:32:52,past,59
20260412_181610_a7bb,2026-04-12 18:32:55,past,59
20260412_181610_a7bb,2026-04-12 18:32:55,past,59
20260412_181610_a7bb,2026-04-12 18:33:03,present,60
20260412_181610_a7bb,2026-04-12 18:33:04,past,61
20260412_181610_a7bb,2026-04-12 18:33:06,past,61
20260412_181610_a7bb,2026-04-12 18:33:09,past,61
20260412_181610_a7bb,2026-04-12 18:33:09,past,61
20260412_181610_a7bb,2026-04-12 18:33:10,past,61
20260412_181610_a7bb,2026-04-12 18:33:11,past,61
20260412_181610_a7bb,2026-04-12 18:33:16,past,61
20260412_181610_a7bb,2026-04-12 18:33:16,past,61
20260412_181610_a7bb,2026-04-12 18:33:17,past,61
20260412_181610_a7bb,2026-04-12 18:33:19,past,61
20260412_181610_a7bb,2026-04-12 18:33:20,past,61
20260412_181610_a7bb,2026-04-12 18:33:20,past,61
20260412_181610_a7bb,2026-04-12 18:33:21,past,61
20260412_181610_a7bb,2026-04-12 18:33:23,past,61
20260412_181610_a7bb,2026-04-12 18:33:28,past,61
20260412_181610_a7bb,2026-04-12 18:33:29,past,61
20260412_181610_a7bb,2026-04-12 18:33:35,past,61
20260412_181610_a7bb,2026-04-12 18:33:37,past,61
20260412_181610_a7bb,2026-04-12 18:33:41,past,61
20260412_181610_a7bb,2026-04-12 18:33:55,present,62
20260412_181610_a7bb,2026-04-12 18:33:56,future,63
20260412_181610_a7bb,2026-04-12 18:34:09,present,64
20260412_181610_a7bb,2026-04-12 18:34:12,past,65
20260412_181610_a7bb,2026-04-12 18:34:13,present,66
20260412_181610_a7bb,2026-04-12 18:34:19,past,67
20260412_181610_a7bb,2026-04-12 18:34:23,future,68
20260412_181610_a7bb,2026-04-12 18:34:24,present,69
20260412_181610_a7bb,2026-04-12 18:34:25,future,70
20260412_181610_a7bb,2026-04-12 18:34:27,past,71
20260412_181610_a7bb,2026-04-12 18:34:32,past,71
20260412_181610_a7bb,2026-04-12 18:34:33,past,71
20260412_181610_a7bb,2026-04-12 18:34:35,past,71
20260412_181610_a7bb,2026-04-12 18:34:35,past,71
20260412_181610_a7bb,2026-04-12 18:34:35,past,71
20260412_181610_a7bb,2026-04-12 18:34:40,past,71
20260412_181610_a7bb,2026-04-12 18:34:40,past,71
20260412_181610_a7bb,2026-04-12 18:34:41,past,71
20260412_181610_a7bb,2026-04-12 18:34:44,past,71
20260412_181610_a7bb,2026-04-12 18:34:45,past,71
20260412_181610_a7bb,2026-04-12 18:34:45,past,71
20260412_181610_a7bb,2026-04-12 18:34:47,past,71
20260412_181610_a7bb,2026-04-12 18:34:49,past,71
20260412_181610_a7bb,2026-04-12 18:34:51,past,71
20260412_181610_a7bb,2026-04-12 18:34:52,past,71
20260412_181610_a7bb,2026-04-12 18:34:54,past,71
20260412_181610_a7bb,2026-04-12 18:34:58,past,71
20260412_181610_a7bb,2026-04-12 18:34:59,past,71
20260412_181610_a7bb,2026-04-12 18:35:00,past,71
20260412_181610_a7bb,2026-04-12 18:35:01,past,71
20260412_181610_a7bb,2026-04-12 18:35:01,past,71
20260412_181610_a7bb,2026-04-12 18:35:02,past,71
20260412_181610_a7bb,2026-04-12 18:35:04,past,71
20260412_181610_a7bb,2026-04-12 18:35:05,past,71
20260412_181610_a7bb,2026-04-12 18:35:05,past,71
20260412_181610_a7bb,2026-04-12 18:35:07,past,71
20260412_181610_a7bb,2026-04-12 18:35:11,past,71
20260412_181610_a7bb,2026-04-12 18:35:12,past,71
20260412_181610_a7bb,2026-04-12 18:35:13,past,71
20260412_181610_a7bb,2026-04-12 18:35:17,past,71
20260412_181610_a7bb,2026-04-12 18:35:19,past,71
20260412_181610_a7bb,2026-04-12 18:35:20,past,71
20260412_181610_a7bb,2026-04-12 18:35:25,past,71
20260412_181610_a7bb,2026-04-12 18:35:26,past,71
20260412_181610_a7bb,2026-04-12 18:35:27,past,71
20260412_181610_a7bb,2026-04-12 18:35:30,past,71
20260412_181610_a7bb,2026-04-12 18:35:32,past,71
20260412_181610_a7bb,2026-04-12 18:35:32,past,71
20260412_181610_a7bb,2026-04-12 18:35:33,past,71
20260412_181610_a7bb,2026-04-12 18:35:33,past,71
20260412_181610_a7bb,2026-04-12 18:35:37,past,71
20260412_181610_a7bb,2026-04-12 18:35:39,past,71
20260412_181610_a7bb,2026-04-12 18:35:40,past,71
20260412_181610_a7bb,2026-04-12 18:35:41,past,71
20260412_181610_a7bb,2026-04-12 18:35:42,past,71
20260412_181610_a7bb,2026-04-12 18:35:43,past,71
20260412_181610_a7bb,2026-04-12 18:35:44,past,71
20260412_181610_a7bb,2026-04-12 18:35:45,past,71
20260412_181610_a7bb,2026-04-12 18:35:45,past,71
20260412_181610_a7bb,2026-04-12 18:35:47,past,71
20260412_181610_a7bb,2026-04-12 18:35:48,past,71
20260412_181610_a7bb,2026-04-12 18:35:48,past,71
20260412_181610_a7bb,2026-04-12 18:35:49,past,71
20260412_181610_a7bb,2026-04-12 18:35:50,past,71
20260412_181610_a7bb,2026-04-12 18:35:50,past,71
20260412_181610_a7bb,2026-04-12 18:35:51,past,71
20260412_181610_a7bb,2026-04-12 18:35:53,past,71
20260412_181610_a7bb,2026-04-12 18:35:54,past,71
20260412_181610_a7bb,2026-04-12 18:35:55,past,71
20260412_181610_a7bb,2026-04-12 18:35:58,past,71
20260412_181610_a7bb,2026-04-12 18:36:00,past,71
20260412_181610_a7bb,2026-04-12 18:36:01,past,71
20260412_181610_a7bb,2026-04-12 18:36:02,past,71
20260412_181610_a7bb,2026-04-12 18:36:06,past,71
20260412_181610_a7bb,2026-04-12 18:36:14,past,71
20260412_181610_a7bb,2026-04-12 18:36:15,past,71
20260412_181610_a7bb,2026-04-12 18:36:17,past,71
20260412_181610_a7bb,2026-04-12 18:36:18,past,71
20260412_181610_a7bb,2026-04-12 18:36:20,past,71
20260412_181610_a7bb,2026-04-12 18:36:23,past,71
20260412_181610_a7bb,2026-04-12 18:36:23,past,71
20260412_181610_a7bb,2026-04-12 18:36:28,past,71
20260412_181610_a7bb,2026-04-12 18:36:30,past,71
20260412_181610_a7bb,2026-04-12 18:36:31,present,72
20260412_181610_a7bb,2026-04-12 18:36:32,future,73
20260412_181610_a7bb,2026-04-12 18:36:34,present,74
20260412_181610_a7bb,2026-04-12 18:36:36,present,74
20260412_181610_a7bb,2026-04-12 18:36:39,present,74
20260412_181610_a7bb,2026-04-12 18:36:39,future,75
20260412_181610_a7bb,2026-04-12 18:36:40,future,75
20260412_181610_a7bb,2026-04-12 18:36:41,future,75
20260412_181610_a7bb,2026-04-12 18:36:43,future,75
20260412_181610_a7bb,2026-04-12 18:36:44,future,75
20260412_181610_a7bb,2026-04-12 18:36:45,future,75
20260412_181610_a7bb,2026-04-12 18:36:48,future,75
20260412_181610_a7bb,2026-04-12 18:36:49,past,76
20260412_181610_a7bb,2026-04-12 18:36:51,past,76
20260412_181610_a7bb,2026-04-12 18:36:52,past,76
20260412_181610_a7bb,2026-04-12 18:36:55,past,76
20260412_181610_a7bb,2026-04-12 18:36:55,past,76
20260412_181610_a7bb,2026-04-12 18:36:57,past,76
20260412_181610_a7bb,2026-04-12 18:36:57,past,76
20260412_181610_a7bb,2026-04-12 18:36:59,past,76
20260412_181610_a7bb,2026-04-12 18:37:00,past,76
20260412_181610_a7bb,2026-04-12 18:37:01,past,76
20260412_181610_a7bb,2026-04-12 18:37:03,past,76
20260412_181610_a7bb,2026-04-12 18:37:03,past,76
20260412_181610_a7bb,2026-04-12 18:37:07,past,76
20260412_181610_a7bb,2026-04-12 18:37:08,future,77
20260412_181610_a7bb,2026-04-12 18:37:11,future,77
20260412_181610_a7bb,2026-04-12 18:37:12,future,77
20260412_181610_a7bb,2026-04-12 18:37:14,future,77
20260412_181610_a7bb,2026-04-12 18:37:16,future,77
20260412_181610_a7bb,2026-04-12 18:37:17,future,77
20260412_181610_a7bb,2026-04-12 18:37:20,future,77
20260412_181610_a7bb,2026-04-12 18:37:21,past,78
20260412_181610_a7bb,2026-04-12 18:37:23,past,78
20260412_181610_a7bb,2026-04-12 18:37:25,past,78
20260412_181610_a7bb,2026-04-12 18:37:27,past,78
20260412_181610_a7bb,2026-04-12 18:37:28,past,78
20260412_181610_a7bb,2026-04-12 18:37:29,past,78
20260412_181610_a7bb,2026-04-12 18:37:29,past,78
20260412_181610_a7bb,2026-04-12 18:37:30,past,78
20260412_181610_a7bb,2026-04-12 18:37:31,past,78
20260412_181610_a7bb,2026-04-12 18:37:33,past,78
20260412_181610_a7bb,2026-04-12 18:37:34,past,78
20260412_181610_a7bb,2026-04-12 18:37:36,past,78
20260412_181610_a7bb,2026-04-12 18:37:36,past,78
20260412_181610_a7bb,2026-04-12 18:37:37,future,79
20260412_181610_a7bb,2026-04-12 18:37:44,future,79
20260412_181610_a7bb,2026-04-12 18:37:44,future,79
20260412_181610_a7bb,2026-04-12 18:37:45,future,79
20260412_181610_a7bb,2026-04-12 18:37:45,future,79
20260412_181610_a7bb,2026-04-12 18:37:46,future,79
20260412_181610_a7bb,2026-04-12 18:37:46,future,79
20260412_181610_a7bb,2026-04-12 18:37:47,future,79
20260412_181610_a7bb,2026-04-12 18:37:48,future,79
20260412_181610_a7bb,2026-04-12 18:37:48,future,79
20260412_181610_a7bb,2026-04-12 18:37:49,future,79
20260412_181610_a7bb,2026-04-12 18:37:50,past,80
20260412_181610_a7bb,2026-04-12 18:37:52,past,80
20260412_181610_a7bb,2026-04-12 18:37:54,past,80
20260412_181610_a7bb,2026-04-12 18:37:55,past,80
20260412_181610_a7bb,2026-04-12 18:37:57,past,80
20260412_181610_a7bb,2026-04-12 18:37:59,present,81
20260412_181610_a7bb,2026-04-12 18:37:59,future,82
20260412_181610_a7bb,2026-04-12 18:38:00,future,82
20260412_181610_a7bb,2026-04-12 18:38:01,future,82
20260412_181610_a7bb,2026-04-12 18:38:02,future,82
20260412_181610_a7bb,2026-04-12 18:38:04,future,82
20260412_181610_a7bb,2026-04-12 18:38:06,future,82
20260412_181610_a7bb,2026-04-12 18:38:07,future,82
20260412_181610_a7bb,2026-04-12 18:38:08,future,82
20260412_181610_a7bb,2026-04-12 18:38:09,future,82
20260412_181610_a7bb,2026-04-12 18:38:16,future,82
20260412_181610_a7bb,2026-04-12 18:38:16,future,82
20260412_181610_a7bb,2026-04-12 18:38:17,future,82
20260412_181610_a7bb,2026-04-12 18:38:17,future,82
20260412_181610_a7bb,2026-04-12 18:38:17,future,82
20260412_181610_a7bb,2026-04-12 18:38:20,future,82
20260412_181610_a7bb,2026-04-12 18:38:21,future,82
20260412_181610_a7bb,2026-04-12 18:38:23,future,82
20260412_181610_a7bb,2026-04-12 18:38:28,future,82
20260412_181610_a7bb,2026-04-12 18:38:32,future,82
20260412_181610_a7bb,2026-04-12 18:38:35,future,82
20260412_181610_a7bb,2026-04-12 18:38:36,future,82
20260412_181610_a7bb,2026-04-12 18:38:37,future,82
20260412_181610_a7bb,2026-04-12 18:38:37,future,82
20260412_181610_a7bb,2026-04-12 18:38:39,future,82
20260412_181610_a7bb,2026-04-12 18:38:43,future,82
20260412_181610_a7bb,2026-04-12 18:38:45,future,82
20260412_181610_a7bb,2026-04-12 18:38:45,future,82
20260412_181610_a7bb,2026-04-12 18:38:46,future,82
20260412_181610_a7bb,2026-04-12 18:38:47,future,82
20260412_181610_a7bb,2026-04-12 18:38:50,future,82
20260412_181610_a7bb,2026-04-12 18:38:51,future,82
20260412_181610_a7bb,2026-04-12 18:38:52,present,83
20260412_181610_a7bb,2026-04-12 18:38:53,past,84
20260412_181610_a7bb,2026-04-12 18:38:54,past,84
20260412_181610_a7bb,2026-04-12 18:38:55,past,84
20260412_181610_a7bb,2026-04-12 18:38:56,past,84
20260412_181610_a7bb,2026-04-12 18:38:57,past,84
20260412_181610_a7bb,2026-04-12 18:39:01,past,84
20260412_181610_a7bb,2026-04-12 18:39:03,past,84
20260412_181610_a7bb,2026-04-12 18:39:04,past,84
20260412_181610_a7bb,2026-04-12 18:39:04,past,84
20260412_181610_a7bb,2026-04-12 18:39:05,past,84
20260412_181610_a7bb,2026-04-12 18:39:06,past,84
20260412_181610_a7bb,2026-04-12 18:39:08,past,84
20260412_181610_a7bb,2026-04-12 18:39:09,past,84
20260412_181610_a7bb,2026-04-12 18:39:10,past,84
20260412_181610_a7bb,2026-04-12 18:39:11,past,84
20260412_181610_a7bb,2026-04-12 18:39:12,past,84
20260412_181610_a7bb,2026-04-12 18:39:14,past,84
20260412_181610_a7bb,2026-04-12 18:39:22,past,84
20260412_181610_a7bb,2026-04-12 18:39:24,past,84
20260412_181610_a7bb,2026-04-12 18:39:29,past,84
