session_id,timestamp,click_x,click_y,zone,dimension
20260412_175523_fa92,2026-04-12 17:55:28,471,371,Zone 2,present
20260412_175523_fa92,2026-04-12 17:55:29,424,417,Zone 2,present
20260412_175523_fa92,2026-04-12 17:55:33,531,437,Zone 2,present
20260412_175523_fa92,2026-04-12 17:55:34,291,388,Zone 2,present
20260412_175523_fa92,2026-04-12 17:55:36,326,373,Zone 2,present
20260412_175523_fa92,2026-04-12 17:55:37,749,184,Zone 2,present
20260412_175523_fa92,2026-04-12 17:55:38,751,178,Zone 2,present
20260412_175523_fa92,2026-04-12 17:55:41,464,445,Zone 2,present
20260412_175523_fa92,2026-04-12 17:55:43,466,425,Zone 2,present
20260412_175523_fa92,2026-04-12 17:55:45,60,514,Zone 2,present
20260412_175523_fa92,2026-04-12 17:55:58,531,416,Zone 1,present
20260412_175523_fa92,2026-04-12 17:55:59,418,241,Zone 1,present
20260412_175523_fa92,2026-04-12 17:56:02,337,428,Zone 1,present
20260412_175523_fa92,2026-04-12 17:56:03,335,418,Zone 1,present
20260412_175523_fa92,2026-04-12 17:56:04,347,429,Zone 1,present
20260412_175523_fa92,2026-04-12 17:56:05,333,429,Zone 1,present
20260412_175523_fa92,2026-04-12 17:56:06,213,548,Zone 1,present
20260412_175523_fa92,2026-04-12 17:56:06,252,531,Zone 1,present
20260412_175523_fa92,2026-04-12 17:56:08,554,41,Zone 1,past
20260412_175523_fa92,2026-04-12 17:56:09,620,46,Zone 1,present
20260412_175523_fa92,2026-04-12 17:56:10,694,41,Zone 1,future
20260412_175523_fa92,2026-04-12 17:56:11,613,50,Zone 1,present
20260412_175523_fa92,2026-04-12 17:56:14,108,323,Zone 1,present
20260412_175523_fa92,2026-04-12 17:56:15,113,327,Zone 1,present
20260412_175523_fa92,2026-04-12 17:56:16,708,223,Zone 1,present
20260412_175523_fa92,2026-04-12 17:56:19,450,340,Zone 1,present
20260412_175523_fa92,2026-04-12 17:56:20,366,324,Zone 1,present
20260412_175523_fa92,2026-04-12 17:56:21,428,387,Zone 1,present
20260412_175523_fa92,2026-04-12 17:56:24,537,382,Zone 1,present
20260412_175523_fa92,2026-04-12 17:56:25,521,348,Zone 1,present
20260412_175523_fa92,2026-04-12 17:56:26,524,342,Zone 1,present
20260412_175523_fa92,2026-04-12 17:56:27,658,142,Zone 1,present
20260412_175523_fa92,2026-04-12 17:56:28,682,34,Zone 1,future
20260412_175523_fa92,2026-04-12 17:56:32,538,58,Zone 1,past
20260412_175523_fa92,2026-04-12 17:56:33,609,48,Zone 1,present
20260412_175523_fa92,2026-04-12 17:56:35,37,560,Zone 1,present
20260412_175523_fa92,2026-04-12 17:56:37,388,189,Zone 3,present
20260412_175523_fa92,2026-04-12 17:56:38,402,219,Zone 3,present
20260412_175523_fa92,2026-04-12 17:56:38,403,218,Zone 3,present
20260412_175523_fa92,2026-04-12 17:56:39,530,46,Zone 3,past
20260412_175523_fa92,2026-04-12 17:56:41,717,312,Zone 3,past
20260412_175523_fa92,2026-04-12 17:56:43,71,317,Zone 3,past
20260412_175523_fa92,2026-04-12 17:56:44,184,344,Zone 3,past
20260412_175523_fa92,2026-04-12 17:56:45,185,344,Zone 3,past
20260412_175523_fa92,2026-04-12 17:56:46,631,51,Zone 3,present
20260412_175523_fa92,2026-04-12 17:56:47,468,203,Zone 3,present
20260412_175523_fa92,2026-04-12 17:56:48,450,539,Zone 3,present
20260412_175523_fa92,2026-04-12 17:56:49,371,218,Zone 3,present
20260412_175523_fa92,2026-04-12 17:56:50,355,399,Zone 3,present
20260412_175523_fa92,2026-04-12 17:56:50,354,394,Zone 3,present
20260412_175523_fa92,2026-04-12 17:56:51,354,394,Zone 3,present
20260412_175523_fa92,2026-04-12 17:56:52,414,377,Zone 3,present
20260412_175523_fa92,2026-04-12 17:56:53,470,355,Zone 3,present
20260412_175523_fa92,2026-04-12 17:56:53,268,532,Zone 3,present
20260412_175523_fa92,2026-04-12 17:56:54,679,23,Zone 3,future
20260412_175523_fa92,2026-04-12 17:56:56,135,131,Zone 3,future
20260412_175523_fa92,2026-04-12 17:57:00,605,48,Zone 3,present
20260412_175523_fa92,2026-04-12 17:57:00,545,41,Zone 3,past
20260412_175523_fa92,2026-04-12 17:57:02,753,502,Zone 3,past
20260412_175523_fa92,2026-04-12 17:57:04,391,544,Zone 1,past
20260412_175523_fa92,2026-04-12 17:57:06,482,538,Zone 1,past
20260412_175523_fa92,2026-04-12 17:57:07,422,536,Zone 1,past
20260412_175523_fa92,2026-04-12 17:57:08,62,180,Zone 1,past
20260412_175523_fa92,2026-04-12 17:57:09,523,451,Zone 1,past
20260412_175523_fa92,2026-04-12 17:57:10,459,537,Zone 1,past
20260412_175523_fa92,2026-04-12 17:57:12,40,184,Zone 1,past
20260412_175523_fa92,2026-04-12 17:57:13,503,452,Zone 1,past
20260412_175523_fa92,2026-04-12 17:57:14,369,440,Zone 1,past
20260412_175523_fa92,2026-04-12 17:57:16,562,420,Zone 1,past
20260412_175523_fa92,2026-04-12 17:57:16,372,427,Zone 1,past
20260412_175523_fa92,2026-04-12 17:57:18,250,535,Zone 1,past
20260412_175523_fa92,2026-04-12 17:57:19,631,42,Zone 1,present
20260412_175523_fa92,2026-04-12 17:57:22,704,43,Zone 1,future
20260412_175523_fa92,2026-04-12 17:57:25,248,469,Zone 1,future
20260412_175523_fa92,2026-04-12 17:57:26,273,437,Zone 1,future
20260412_175523_fa92,2026-04-12 17:57:27,233,403,Zone 1,future
20260412_175523_fa92,2026-04-12 17:57:27,233,403,Zone 1,future
20260412_175523_fa92,2026-04-12 17:57:28,104,207,Zone 1,future
20260412_175523_fa92,2026-04-12 17:57:29,202,424,Zone 1,future
20260412_175523_fa92,2026-04-12 17:57:30,202,424,Zone 1,future
20260412_175523_fa92,2026-04-12 17:57:31,201,424,Zone 1,future
20260412_175523_fa92,2026-04-12 17:57:32,201,424,Zone 1,future
20260412_175523_fa92,2026-04-12 17:57:33,132,218,Zone 1,future
20260412_175523_fa92,2026-04-12 17:57:34,246,383,Zone 1,future
20260412_175523_fa92,2026-04-12 17:57:34,246,383,Zone 1,future
20260412_175523_fa92,2026-04-12 17:57:35,193,245,Zone 1,future
20260412_175523_fa92,2026-04-12 17:57:36,259,394,Zone 1,future
20260412_175523_fa92,2026-04-12 17:57:37,387,420,Zone 1,future
20260412_175523_fa92,2026-04-12 17:57:38,446,336,Zone 1,future
20260412_175523_fa92,2026-04-12 17:57:39,436,365,Zone 1,future
20260412_175523_fa92,2026-04-12 17:57:39,436,365,Zone 1,future
20260412_175523_fa92,2026-04-12 17:57:43,353,542,Zone 1,future
20260412_175523_fa92,2026-04-12 17:57:43,195,229,Zone 1,future
20260412_175523_fa92,2026-04-12 17:57:48,522,413,Zone 4,future
20260412_175523_fa92,2026-04-12 17:57:50,390,429,Zone 4,future
20260412_175523_fa92,2026-04-12 17:57:51,392,431,Zone 4,future
20260412_175523_fa92,2026-04-12 17:57:53,146,134,Zone 4,future
20260412_175523_fa92,2026-04-12 17:57:54,277,382,Zone 4,future
20260412_175523_fa92,2026-04-12 17:57:55,540,91,Zone 4,future
20260412_175523_fa92,2026-04-12 17:57:57,520,329,Zone 4,future
20260412_175523_fa92,2026-04-12 17:57:58,516,348,Zone 4,future
20260412_175523_fa92,2026-04-12 17:57:59,282,406,Zone 4,future
20260412_175523_fa92,2026-04-12 17:58:00,369,539,Zone 4,future
20260412_175523_fa92,2026-04-12 17:58:02,559,115,Zone 4,future
20260412_175523_fa92,2026-04-12 17:58:03,490,369,Zone 4,future
20260412_175523_fa92,2026-04-12 17:58:04,490,369,Zone 4,future
20260412_175523_fa92,2026-04-12 17:58:05,490,369,Zone 4,future
20260412_175523_fa92,2026-04-12 17:58:05,490,369,Zone 4,future
20260412_175523_fa92,2026-04-12 17:58:06,532,122,Zone 4,future
20260412_175523_fa92,2026-04-12 17:58:06,532,111,Zone 4,future
20260412_175523_fa92,2026-04-12 17:58:07,697,163,Zone 4,future
20260412_175523_fa92,2026-04-12 17:58:08,166,193,Zone 1,future
20260412_175523_fa92,2026-04-12 17:58:09,139,348,Zone 4,future
20260412_175523_fa92,2026-04-12 17:58:12,261,535,Zone 4,future
20260412_175523_fa92,2026-04-12 17:58:13,552,37,Zone 4,past
20260412_175523_fa92,2026-04-12 17:58:14,450,424,Zone 4,past
20260412_175523_fa92,2026-04-12 17:58:14,223,411,Zone 4,past
20260412_175523_fa92,2026-04-12 17:58:15,205,70,Zone 4,past
20260412_175523_fa92,2026-04-12 17:58:16,468,126,Zone 4,past
20260412_175523_fa92,2026-04-12 17:58:18,433,377,Zone 4,past
20260412_175523_fa92,2026-04-12 17:58:18,433,378,Zone 4,past
20260412_175523_fa92,2026-04-12 17:58:19,433,378,Zone 4,past
20260412_175523_fa92,2026-04-12 17:58:19,433,378,Zone 4,past
20260412_175523_fa92,2026-04-12 17:58:20,694,161,Zone 4,past
20260412_175523_fa92,2026-04-12 17:58:24,51,163,Zone 4,past
20260412_175523_fa92,2026-04-12 17:58:25,351,428,Zone 4,past
20260412_175523_fa92,2026-04-12 17:58:26,390,526,Zone 4,past
20260412_175523_fa92,2026-04-12 17:58:27,101,123,Zone 4,past
20260412_175523_fa92,2026-04-12 17:58:31,266,529,Zone 1,past
20260412_175523_fa92,2026-04-12 17:58:32,705,48,Zone 1,future
20260412_175523_fa92,2026-04-12 17:58:32,138,177,Zone 1,future
20260412_175523_fa92,2026-04-12 17:58:34,611,41,Zone 4,present
20260412_175523_fa92,2026-04-12 17:58:37,483,412,Zone 4,present
20260412_175523_fa92,2026-04-12 17:58:38,537,39,Zone 4,past
20260412_175523_fa92,2026-04-12 17:58:39,649,46,Zone 4,present
20260412_175523_fa92,2026-04-12 17:58:41,386,540,Zone 4,present
20260412_175523_fa92,2026-04-12 17:58:41,133,215,Zone 4,present
20260412_175523_fa92,2026-04-12 17:58:43,344,423,Zone 4,present
20260412_175523_fa92,2026-04-12 17:58:44,265,544,Zone 4,present
20260412_175523_fa92,2026-04-12 17:58:44,585,45,Zone 4,present
20260412_175523_fa92,2026-04-12 17:58:45,568,46,Zone 4,past
20260412_175523_fa92,2026-04-12 17:58:46,403,510,Zone 4,past
20260412_175523_fa92,2026-04-12 17:58:46,407,536,Zone 4,past
20260412_175523_fa92,2026-04-12 17:58:47,124,164,Zone 4,past
20260412_175523_fa92,2026-04-12 17:58:48,57,550,Zone 1,past
20260412_175523_fa92,2026-04-12 17:58:51,100,247,Zone 3,past
20260412_175523_fa92,2026-04-12 17:58:52,408,483,Zone 3,past
20260412_175523_fa92,2026-04-12 17:58:53,278,539,Zone 3,past
20260412_175523_fa92,2026-04-12 17:58:53,270,538,Zone 3,past
20260412_175523_fa92,2026-04-12 17:58:54,265,544,Zone 3,past
20260412_175523_fa92,2026-04-12 17:58:55,621,17,Zone 3,past
20260412_175523_fa92,2026-04-12 17:58:55,621,23,Zone 3,present
20260412_175523_fa92,2026-04-12 17:58:56,706,29,Zone 3,future
20260412_175523_fa92,2026-04-12 17:58:57,749,427,Zone 3,future
20260412_175523_fa92,2026-04-12 17:59:01,726,444,Zone 1,future
20260412_175523_fa92,2026-04-12 17:59:01,752,446,Zone 1,future
20260412_175523_fa92,2026-04-12 17:59:04,59,544,Zone 2,future
20260412_175523_fa92,2026-04-12 17:59:06,614,23,Zone 1,present
20260412_175523_fa92,2026-04-12 17:59:08,306,525,Zone 1,present
20260412_175523_fa92,2026-04-12 17:59:10,388,379,Zone 1,present
20260412_175523_fa92,2026-04-12 17:59:29,356,315,Zone 1,present
20260412_175523_fa92,2026-04-12 17:59:30,346,447,Zone 1,present
20260412_175523_fa92,2026-04-12 17:59:31,499,455,Zone 1,present
20260412_175523_fa92,2026-04-12 17:59:31,256,445,Zone 1,present
20260412_175523_fa92,2026-04-12 17:59:31,574,477,Zone 1,present
20260412_175523_fa92,2026-04-12 17:59:39,677,154,Zone 1,present
20260412_175523_fa92,2026-04-12 17:59:40,398,417,Zone 1,present
20260412_175523_fa92,2026-04-12 17:59:41,626,149,Zone 1,present
20260412_175523_fa92,2026-04-12 17:59:41,662,134,Zone 1,present
20260412_175523_fa92,2026-04-12 17:59:42,29,500,Zone 1,present
20260412_175523_fa92,2026-04-12 17:59:43,242,525,Zone 3,present
20260412_175523_fa92,2026-04-12 17:59:44,557,37,Zone 3,past
20260412_175523_fa92,2026-04-12 17:59:45,650,47,Zone 3,present
20260412_175523_fa92,2026-04-12 17:59:45,675,44,Zone 3,future
20260412_175523_fa92,2026-04-12 17:59:46,757,407,Zone 3,future
20260412_175523_fa92,2026-04-12 17:59:46,757,407,Zone 1,future
20260412_175523_fa92,2026-04-12 17:59:47,609,65,Zone 2,future
20260412_175523_fa92,2026-04-12 17:59:48,603,50,Zone 2,present
20260412_175523_fa92,2026-04-12 17:59:48,563,44,Zone 2,past
20260412_175523_fa92,2026-04-12 17:59:50,175,585,Zone 2,past
20260412_175523_fa92,2026-04-12 17:59:51,622,41,Zone 2,present
20260412_175523_fa92,2026-04-12 17:59:52,680,55,Zone 2,future
20260412_175523_fa92,2026-04-12 17:59:53,31,529,Zone 2,future
20260412_175523_fa92,2026-04-12 17:59:54,435,538,Zone 1,future
20260412_175523_fa92,2026-04-12 17:59:55,446,338,Zone 1,future
20260412_175523_fa92,2026-04-12 17:59:56,465,420,Zone 1,future
20260412_175523_fa92,2026-04-12 17:59:57,465,400,Zone 1,future
20260412_175523_fa92,2026-04-12 17:59:57,465,399,Zone 1,future
20260412_175523_fa92,2026-04-12 17:59:57,468,385,Zone 1,future
20260412_175523_fa92,2026-04-12 17:59:58,467,310,Zone 1,future
20260412_175523_fa92,2026-04-12 17:59:59,469,306,Zone 1,future
20260412_175523_fa92,2026-04-12 17:59:59,416,478,Zone 1,future
20260412_175523_fa92,2026-04-12 18:00:00,417,462,Zone 1,future
20260412_175523_fa92,2026-04-12 18:00:00,404,473,Zone 1,future
20260412_175523_fa92,2026-04-12 18:00:00,312,528,Zone 1,future
20260412_175523_fa92,2026-04-12 18:00:02,489,302,Zone 1,future
20260412_175523_fa92,2026-04-12 18:00:03,446,371,Zone 1,future
20260412_175523_fa92,2026-04-12 18:00:03,446,370,Zone 1,future
20260412_175523_fa92,2026-04-12 18:00:04,449,370,Zone 1,future
20260412_175523_fa92,2026-04-12 18:00:04,463,281,Zone 1,future
20260412_175523_fa92,2026-04-12 18:00:05,467,286,Zone 1,future
20260412_175523_fa92,2026-04-12 18:00:05,436,523,Zone 1,future
20260412_175523_fa92,2026-04-12 18:00:07,56,546,Zone 1,future
20260412_175523_fa92,2026-04-12 18:00:10,416,497,Zone 3,future
20260412_175523_fa92,2026-04-12 18:00:10,259,537,Zone 3,future
20260412_175523_fa92,2026-04-12 18:00:11,601,69,Zone 3,future
20260412_175523_fa92,2026-04-12 18:00:12,602,57,Zone 3,present
20260412_175523_fa92,2026-04-12 18:00:15,751,481,Zone 3,present
20260412_175523_fa92,2026-04-12 18:00:16,234,535,Zone 1,present
20260412_175523_fa92,2026-04-12 18:00:17,403,353,Zone 1,present
20260412_175523_fa92,2026-04-12 18:00:20,670,127,Zone 1,present
20260412_175523_fa92,2026-04-12 18:00:21,233,528,Zone 1,present
20260412_175523_fa92,2026-04-12 18:00:22,213,535,Zone 1,present
20260412_175523_fa92,2026-04-12 18:00:25,752,447,Zone 1,present
20260412_175523_fa92,2026-04-12 18:00:27,61,519,Zone 2,present
20260412_175523_fa92,2026-04-12 18:00:29,103,181,Zone 1,present
20260412_175523_fa92,2026-04-12 18:00:30,277,529,Zone 1,present
20260412_175523_fa92,2026-04-12 18:00:31,299,546,Zone 1,present
20260412_175523_fa92,2026-04-12 18:00:32,369,367,Zone 1,present
20260412_175523_fa92,2026-04-12 18:00:34,653,152,Zone 1,present
20260412_175523_fa92,2026-04-12 18:00:35,299,542,Zone 1,present
20260412_175523_fa92,2026-04-12 18:00:35,369,412,Zone 1,present
20260412_175523_fa92,2026-04-12 18:00:36,506,422,Zone 1,present
20260412_175523_fa92,2026-04-12 18:00:36,350,433,Zone 1,present
20260412_175523_fa92,2026-04-12 18:00:37,498,453,Zone 1,present
20260412_175523_fa92,2026-04-12 18:00:37,296,449,Zone 1,present
20260412_175523_fa92,2026-04-12 18:00:38,652,160,Zone 1,present
20260412_175523_fa92,2026-04-12 18:00:38,658,153,Zone 1,present
20260412_175523_fa92,2026-04-12 18:00:39,370,538,Zone 1,present
20260412_175523_fa92,2026-04-12 18:00:39,357,541,Zone 1,present
20260412_175523_fa92,2026-04-12 18:00:40,360,547,Zone 1,present
20260412_175523_fa92,2026-04-12 18:00:40,403,365,Zone 1,present
20260412_175523_fa92,2026-04-12 18:00:41,658,139,Zone 1,present
20260412_175523_fa92,2026-04-12 18:00:42,394,530,Zone 1,present
20260412_175523_fa92,2026-04-12 18:00:44,437,531,Zone 1,present
20260412_175523_fa92,2026-04-12 18:00:45,431,405,Zone 1,present
20260412_175523_fa92,2026-04-12 18:00:46,661,146,Zone 1,present
20260412_175523_fa92,2026-04-12 18:00:48,265,542,Zone 1,present
20260412_175523_fa92,2026-04-12 18:00:49,687,40,Zone 1,future
20260412_175523_fa92,2026-04-12 18:00:50,630,38,Zone 1,present
20260412_175523_fa92,2026-04-12 18:00:50,685,45,Zone 1,future
20260412_175523_fa92,2026-04-12 18:00:51,88,185,Zone 1,future
20260412_175523_fa92,2026-04-12 18:00:53,285,542,Zone 4,future
20260412_175523_fa92,2026-04-12 18:00:54,342,422,Zone 4,future
20260412_175523_fa92,2026-04-12 18:00:56,136,279,Zone 4,future
20260412_175523_fa92,2026-04-12 18:00:56,140,340,Zone 4,future
20260412_175523_fa92,2026-04-12 18:00:57,355,538,Zone 4,future
20260412_175523_fa92,2026-04-12 18:00:58,110,192,Zone 4,future
20260412_175523_fa92,2026-04-12 18:00:59,300,403,Zone 4,future
20260412_175523_fa92,2026-04-12 18:01:00,266,527,Zone 4,future
20260412_175523_fa92,2026-04-12 18:01:01,553,29,Zone 4,past
20260412_175523_fa92,2026-04-12 18:01:01,600,50,Zone 4,present
20260412_175523_fa92,2026-04-12 18:01:02,542,32,Zone 4,past
20260412_175523_fa92,2026-04-12 18:01:03,421,538,Zone 4,past
20260412_175523_fa92,2026-04-12 18:01:03,356,540,Zone 4,past
20260412_175523_fa92,2026-04-12 18:01:04,83,143,Zone 4,past
20260412_175523_fa92,2026-04-12 18:01:07,283,536,Zone 1,past
20260412_175523_fa92,2026-04-12 18:01:07,321,551,Zone 1,past
20260412_175523_fa92,2026-04-12 18:01:08,481,418,Zone 1,past
20260412_175523_fa92,2026-04-12 18:01:09,417,430,Zone 1,past
20260412_175523_fa92,2026-04-12 18:01:09,417,430,Zone 1,past
20260412_175523_fa92,2026-04-12 18:01:10,417,430,Zone 1,past
20260412_175523_fa92,2026-04-12 18:01:12,357,443,Zone 1,past
20260412_175523_fa92,2026-04-12 18:01:13,424,449,Zone 1,past
20260412_175523_fa92,2026-04-12 18:01:14,269,542,Zone 1,past
20260412_175523_fa92,2026-04-12 18:01:15,621,49,Zone 1,present
20260412_175523_fa92,2026-04-12 18:01:16,316,538,Zone 1,present
20260412_175523_fa92,2026-04-12 18:01:18,493,405,Zone 1,present
20260412_175523_fa92,2026-04-12 18:01:19,675,152,Zone 1,present
20260412_175523_fa92,2026-04-12 18:01:19,692,46,Zone 1,present
20260412_175523_fa92,2026-04-12 18:01:20,577,212,Zone 1,present
20260412_175523_fa92,2026-04-12 18:01:20,577,211,Zone 1,present
20260412_175523_fa92,2026-04-12 18:01:24,47,551,Zone 1,present
20260412_175523_fa92,2026-04-12 18:01:26,321,487,Zone 3,present
20260412_175523_fa92,2026-04-12 18:01:26,323,492,Zone 3,present
20260412_175523_fa92,2026-04-12 18:01:27,409,494,Zone 3,present
20260412_175523_fa92,2026-04-12 18:01:28,420,118,Zone 3,present
20260412_175523_fa92,2026-04-12 18:01:28,411,148,Zone 3,present
20260412_175523_fa92,2026-04-12 18:01:28,412,170,Zone 3,present
20260412_175523_fa92,2026-04-12 18:01:30,758,472,Zone 3,present
20260412_175523_fa92,2026-04-12 18:01:31,745,447,Zone 1,present
20260412_175523_fa92,2026-04-12 18:01:33,296,527,Zone 2,present
20260412_175523_fa92,2026-04-12 18:01:34,207,453,Zone 2,present
20260412_175523_fa92,2026-04-12 18:01:35,261,536,Zone 2,present
20260412_175523_fa92,2026-04-12 18:01:37,17,554,Zone 2,present
20260412_175523_fa92,2026-04-12 18:01:39,315,426,Zone 1,present
20260412_175523_fa92,2026-04-12 18:01:39,321,404,Zone 1,present
20260412_175523_fa92,2026-04-12 18:01:40,262,438,Zone 1,present
20260412_175523_fa92,2026-04-12 18:01:41,470,448,Zone 1,present
20260412_175523_fa92,2026-04-12 18:01:41,623,173,Zone 1,present
20260412_175523_fa92,2026-04-12 18:01:42,657,140,Zone 1,present
20260412_175523_fa92,2026-04-12 18:01:43,294,530,Zone 1,present
20260412_175523_fa92,2026-04-12 18:01:43,230,530,Zone 1,present
20260412_175523_fa92,2026-04-12 18:01:44,507,339,Zone 1,present
20260412_175523_fa92,2026-04-12 18:01:45,655,177,Zone 1,present
20260412_175523_fa92,2026-04-12 18:01:45,661,146,Zone 1,present
20260412_175523_fa92,2026-04-12 18:01:46,528,236,Zone 1,present
20260412_175523_fa92,2026-04-12 18:01:50,575,235,Zone 1,present
20260412_175523_fa92,2026-04-12 18:01:52,277,546,Zone 1,present
20260412_175523_fa92,2026-04-12 18:01:55,376,424,Zone 1,present
20260412_175523_fa92,2026-04-12 18:01:56,213,341,Zone 1,present
20260412_175523_fa92,2026-04-12 18:01:58,214,380,Zone 1,present
20260412_175523_fa92,2026-04-12 18:02:00,633,158,Zone 1,present
20260412_175523_fa92,2026-04-12 18:02:00,661,135,Zone 1,present
20260412_175523_fa92,2026-04-12 18:02:02,407,523,Zone 1,present
20260412_175523_fa92,2026-04-12 18:02:02,445,540,Zone 1,present
20260412_175523_fa92,2026-04-12 18:02:03,660,288,Zone 1,present
20260412_175523_fa92,2026-04-12 18:02:03,637,242,Zone 1,present
20260412_175523_fa92,2026-04-12 18:02:04,547,232,Zone 1,present
20260412_175523_fa92,2026-04-12 18:02:04,382,517,Zone 1,present
20260412_175523_fa92,2026-04-12 18:02:05,404,399,Zone 1,present
20260412_175523_fa92,2026-04-12 18:02:06,651,145,Zone 1,present
20260412_175523_fa92,2026-04-12 18:02:07,368,531,Zone 1,present
20260412_175523_fa92,2026-04-12 18:02:08,255,538,Zone 1,present
20260412_175523_fa92,2026-04-12 18:02:10,707,31,Zone 1,future
20260412_175523_fa92,2026-04-12 18:02:10,168,138,Zone 1,future
20260412_175523_fa92,2026-04-12 18:02:11,401,169,Zone 4,future
20260412_175523_fa92,2026-04-12 18:02:12,447,80,Zone 4,future
20260412_175523_fa92,2026-04-12 18:02:12,562,140,Zone 4,future
20260412_175523_fa92,2026-04-12 18:02:12,654,182,Zone 4,future
20260412_175523_fa92,2026-04-12 18:02:14,692,265,Zone 4,future
20260412_175523_fa92,2026-04-12 18:02:15,211,268,Zone 1,future
20260412_175523_fa92,2026-04-12 18:02:16,481,345,Zone 4,future
20260412_175523_fa92,2026-04-12 18:02:16,545,342,Zone 4,future
20260412_175523_fa92,2026-04-12 18:02:17,506,402,Zone 4,future
20260412_175523_fa92,2026-04-12 18:02:17,448,421,Zone 4,future
20260412_175523_fa92,2026-04-12 18:02:17,340,423,Zone 4,future
20260412_175523_fa92,2026-04-12 18:02:18,148,335,Zone 4,future
20260412_175523_fa92,2026-04-12 18:02:18,219,293,Zone 4,future
20260412_175523_fa92,2026-04-12 18:02:19,66,126,Zone 4,future
20260412_175523_fa92,2026-04-12 18:02:19,319,202,Zone 4,future
20260412_175523_fa92,2026-04-12 18:02:21,95,191,Zone 4,future
20260412_175523_fa92,2026-04-12 18:02:21,341,310,Zone 4,future
20260412_175523_fa92,2026-04-12 18:02:22,347,535,Zone 4,future
20260412_175523_fa92,2026-04-12 18:02:23,118,187,Zone 4,future
20260412_175523_fa92,2026-04-12 18:02:24,500,333,Zone 4,future
20260412_175523_fa92,2026-04-12 18:02:25,267,540,Zone 4,future
20260412_175523_fa92,2026-04-12 18:02:26,613,62,Zone 4,future
20260412_175523_fa92,2026-04-12 18:02:28,222,217,Zone 1,future
20260412_175523_fa92,2026-04-12 18:02:29,629,38,Zone 4,present
20260412_175523_fa92,2026-04-12 18:02:31,483,384,Zone 4,present
20260412_175523_fa92,2026-04-12 18:02:31,625,279,Zone 4,present
20260412_175523_fa92,2026-04-12 18:02:31,657,192,Zone 4,present
20260412_175523_fa92,2026-04-12 18:02:32,298,129,Zone 4,present
20260412_175523_fa92,2026-04-12 18:02:33,640,50,Zone 4,present
20260412_175523_fa92,2026-04-12 18:02:34,621,50,Zone 4,present
20260412_175523_fa92,2026-04-12 18:02:34,539,52,Zone 4,past
20260412_175523_fa92,2026-04-12 18:02:37,404,443,Zone 4,past
20260412_175523_fa92,2026-04-12 18:02:37,404,415,Zone 4,past
20260412_175523_fa92,2026-04-12 18:02:37,476,451,Zone 4,past
20260412_175523_fa92,2026-04-12 18:02:38,238,405,Zone 4,past
20260412_175523_fa92,2026-04-12 18:02:38,210,408,Zone 4,past
20260412_175523_fa92,2026-04-12 18:02:38,190,348,Zone 4,past
20260412_175523_fa92,2026-04-12 18:02:39,664,399,Zone 4,past
20260412_175523_fa92,2026-04-12 18:02:40,548,127,Zone 4,past
20260412_175523_fa92,2026-04-12 18:02:44,722,128,Zone 4,past
20260412_175523_fa92,2026-04-12 18:02:44,576,168,Zone 4,past
20260412_175523_fa92,2026-04-12 18:02:45,104,155,Zone 4,past
20260412_175523_fa92,2026-04-12 18:02:46,631,152,Zone 4,past
20260412_175523_fa92,2026-04-12 18:02:46,630,60,Zone 4,past
20260412_175523_fa92,2026-04-12 18:02:47,628,50,Zone 4,present
20260412_175523_fa92,2026-04-12 18:02:48,694,68,Zone 4,present
20260412_175523_fa92,2026-04-12 18:02:49,692,39,Zone 4,future
20260412_175523_fa92,2026-04-12 18:02:49,515,205,Zone 4,future
20260412_175523_fa92,2026-04-12 18:02:50,638,293,Zone 4,future
20260412_175523_fa92,2026-04-12 18:02:51,645,258,Zone 1,future
20260412_175523_fa92,2026-04-12 18:02:51,427,401,Zone 1,future
20260412_175523_fa92,2026-04-12 18:02:52,492,403,Zone 1,future
20260412_175523_fa92,2026-04-12 18:02:52,500,405,Zone 1,future
20260412_175523_fa92,2026-04-12 18:02:52,500,404,Zone 1,future
20260412_175523_fa92,2026-04-12 18:02:53,500,404,Zone 1,future
20260412_175523_fa92,2026-04-12 18:02:54,521,410,Zone 1,future
20260412_175523_fa92,2026-04-12 18:02:55,315,541,Zone 1,future
20260412_175523_fa92,2026-04-12 18:02:56,506,418,Zone 1,future
20260412_175523_fa92,2026-04-12 18:02:57,213,539,Zone 1,future
20260412_175523_fa92,2026-04-12 18:02:57,507,421,Zone 1,future
20260412_175523_fa92,2026-04-12 18:02:57,503,403,Zone 1,future
20260412_175523_fa92,2026-04-12 18:02:58,343,535,Zone 1,future
20260412_175523_fa92,2026-04-12 18:02:58,517,391,Zone 1,future
20260412_175523_fa92,2026-04-12 18:02:59,505,421,Zone 1,future
20260412_175523_fa92,2026-04-12 18:02:59,411,527,Zone 1,future
20260412_175523_fa92,2026-04-12 18:03:00,534,386,Zone 1,future
20260412_175523_fa92,2026-04-12 18:03:00,517,395,Zone 1,future
20260412_175523_fa92,2026-04-12 18:03:00,428,549,Zone 1,future
20260412_175523_fa92,2026-04-12 18:03:01,497,438,Zone 1,future
20260412_175523_fa92,2026-04-12 18:03:01,498,417,Zone 1,future
20260412_175523_fa92,2026-04-12 18:03:09,228,348,Zone 1,future
20260412_175523_fa92,2026-04-12 18:03:09,235,338,Zone 1,future
20260412_175523_fa92,2026-04-12 18:03:09,223,263,Zone 1,future
20260412_175523_fa92,2026-04-12 18:03:11,703,282,Zone 4,future
20260412_175523_fa92,2026-04-12 18:03:11,135,220,Zone 1,future
20260412_175523_fa92,2026-04-12 18:03:15,695,302,Zone 4,future
20260412_175523_fa92,2026-04-12 18:03:16,741,117,Zone 1,future
20260412_175523_fa92,2026-04-12 18:03:17,47,529,Zone 1,future
20260412_175523_fa92,2026-04-12 18:03:20,65,84,Zone 3,future
20260412_175523_fa92,2026-04-12 18:03:23,317,543,Zone 3,future
20260412_175523_fa92,2026-04-12 18:03:23,132,267,Zone 3,future
20260412_175523_fa92,2026-04-12 18:03:24,123,238,Zone 3,future
20260412_175523_fa92,2026-04-12 18:03:24,746,439,Zone 3,future
20260412_175523_fa92,2026-04-12 18:03:25,747,439,Zone 1,future
20260412_175523_fa92,2026-04-12 18:03:26,282,497,Zone 2,future
20260412_175523_fa92,2026-04-12 18:03:27,83,541,Zone 2,future
20260412_175523_fa92,2026-04-12 18:03:28,64,539,Zone 2,future
20260412_175523_fa92,2026-04-12 18:03:29,308,417,Zone 1,future
20260412_175523_fa92,2026-04-12 18:03:29,319,403,Zone 1,future
20260412_175523_fa92,2026-04-12 18:03:30,368,441,Zone 1,future
20260412_175523_fa92,2026-04-12 18:03:31,369,474,Zone 1,future
20260412_175523_fa92,2026-04-12 18:03:31,392,449,Zone 1,future
20260412_175523_fa92,2026-04-12 18:03:31,327,378,Zone 1,future
20260412_175523_fa92,2026-04-12 18:03:32,260,511,Zone 1,future
20260412_175523_fa92,2026-04-12 18:03:32,261,528,Zone 1,future
20260412_175523_fa92,2026-04-12 18:03:33,364,540,Zone 1,future
20260412_175523_fa92,2026-04-12 18:03:33,384,462,Zone 1,future
20260412_175523_fa92,2026-04-12 18:03:33,384,462,Zone 1,future
20260412_175523_fa92,2026-04-12 18:03:33,432,498,Zone 1,future
20260412_175523_fa92,2026-04-12 18:03:33,396,535,Zone 1,future
20260412_175523_fa92,2026-04-12 18:03:34,413,430,Zone 1,future
20260412_175523_fa92,2026-04-12 18:03:34,428,478,Zone 1,future
20260412_175523_fa92,2026-04-12 18:03:34,436,534,Zone 1,future
20260412_175523_fa92,2026-04-12 18:03:35,448,480,Zone 1,future
20260412_175523_fa92,2026-04-12 18:03:35,448,480,Zone 1,future
20260412_175523_fa92,2026-04-12 18:03:35,212,524,Zone 1,future
20260412_175523_fa92,2026-04-12 18:03:36,333,491,Zone 1,future
20260412_175523_fa92,2026-04-12 18:03:36,334,489,Zone 1,future
20260412_175523_fa92,2026-04-12 18:03:36,506,418,Zone 1,future
20260412_175523_fa92,2026-04-12 18:03:36,504,417,Zone 1,future
20260412_175523_fa92,2026-04-12 18:03:36,511,404,Zone 1,future
20260412_175523_fa92,2026-04-12 18:03:37,388,464,Zone 1,future
20260412_175523_fa92,2026-04-12 18:03:37,206,386,Zone 1,future
20260412_175523_fa92,2026-04-12 18:03:37,193,399,Zone 1,future
20260412_175523_fa92,2026-04-12 18:03:38,206,328,Zone 1,future
20260412_175523_fa92,2026-04-12 18:03:38,180,280,Zone 1,future
20260412_175523_fa92,2026-04-12 18:03:40,701,258,Zone 4,future
20260412_175523_fa92,2026-04-12 18:03:49,246,533,Zone 1,future
20260412_175523_fa92,2026-04-12 18:03:50,558,51,Zone 1,past
20260412_175523_fa92,2026-04-12 18:03:54,396,452,Zone 1,past
20260412_175523_fa92,2026-04-12 18:03:54,397,435,Zone 1,past
20260412_175523_fa92,2026-04-12 18:03:58,653,135,Zone 1,past
20260412_175523_fa92,2026-04-12 18:03:59,628,49,Zone 1,present
20260412_175523_fa92,2026-04-12 18:04:01,313,383,Zone 1,present
20260412_175523_fa92,2026-04-12 18:04:02,647,119,Zone 1,present
20260412_175523_fa92,2026-04-12 18:04:06,725,37,Zone 1,future
20260412_175523_fa92,2026-04-12 18:04:07,765,427,Zone 1,future
20260412_175523_fa92,2026-04-12 18:04:08,549,44,Zone 2,past
20260412_175523_fa92,2026-04-12 18:04:11,622,47,Zone 2,present
20260412_175523_fa92,2026-04-12 18:04:13,569,46,Zone 2,past
20260412_175523_fa92,2026-04-12 18:04:15,611,45,Zone 2,present
20260412_175523_fa92,2026-04-12 18:04:16,709,43,Zone 2,future
20260412_175523_fa92,2026-04-12 18:04:21,42,495,Zone 2,future
20260412_175523_fa92,2026-04-12 18:04:21,40,494,Zone 1,future
20260412_175523_fa92,2026-04-12 18:04:24,570,36,Zone 3,past
20260412_175523_fa92,2026-04-12 18:04:30,597,36,Zone 3,present
20260412_175523_fa92,2026-04-12 18:04:35,703,64,Zone 3,present
20260412_175523_fa92,2026-04-12 18:04:36,681,47,Zone 3,future
20260412_175523_fa92,2026-04-12 18:04:41,744,467,Zone 3,future
20260412_175523_fa92,2026-04-12 18:04:42,328,522,Zone 1,future
20260412_175523_fa92,2026-04-12 18:04:42,348,534,Zone 1,future
20260412_175523_fa92,2026-04-12 18:04:42,383,454,Zone 1,future
20260412_175523_fa92,2026-04-12 18:04:43,287,533,Zone 1,future
20260412_175523_fa92,2026-04-12 18:04:43,345,478,Zone 1,future
20260412_175523_fa92,2026-04-12 18:04:44,264,547,Zone 1,future
20260412_175523_fa92,2026-04-12 18:04:44,340,449,Zone 1,future
20260412_175523_fa92,2026-04-12 18:04:45,230,538,Zone 1,future
20260412_175523_fa92,2026-04-12 18:04:45,315,472,Zone 1,future
20260412_175523_fa92,2026-04-12 18:04:46,315,472,Zone 1,future
20260412_175523_fa92,2026-04-12 18:04:46,248,546,Zone 1,future
20260412_175523_fa92,2026-04-12 18:04:46,389,458,Zone 1,future
20260412_175523_fa92,2026-04-12 18:04:46,389,459,Zone 1,future
20260412_175523_fa92,2026-04-12 18:04:47,329,530,Zone 1,future
20260412_175523_fa92,2026-04-12 18:04:47,325,530,Zone 1,future
20260412_175523_fa92,2026-04-12 18:04:48,311,539,Zone 1,future
20260412_175523_fa92,2026-04-12 18:04:48,398,483,Zone 1,future
20260412_175523_fa92,2026-04-12 18:04:48,398,483,Zone 1,future
20260412_175523_fa92,2026-04-12 18:04:48,348,532,Zone 1,future
20260412_175523_fa92,2026-04-12 18:04:49,374,476,Zone 1,future
20260412_175523_fa92,2026-04-12 18:04:49,374,476,Zone 1,future
20260412_175523_fa92,2026-04-12 18:04:49,387,513,Zone 1,future
20260412_175523_fa92,2026-04-12 18:04:50,396,520,Zone 1,future
20260412_175523_fa92,2026-04-12 18:04:50,368,286,Zone 1,future
20260412_175523_fa92,2026-04-12 18:04:50,297,328,Zone 1,future
20260412_175523_fa92,2026-04-12 18:04:51,253,339,Zone 1,future
20260412_175523_fa92,2026-04-12 18:04:51,252,330,Zone 1,future
20260412_175523_fa92,2026-04-12 18:04:51,362,316,Zone 1,future
20260412_175523_fa92,2026-04-12 18:04:51,394,342,Zone 1,future
20260412_175523_fa92,2026-04-12 18:04:51,452,304,Zone 1,future
20260412_175523_fa92,2026-04-12 18:04:52,477,298,Zone 1,future
20260412_175523_fa92,2026-04-12 18:04:52,431,547,Zone 1,future
20260412_175523_fa92,2026-04-12 18:04:53,443,479,Zone 1,future
20260412_175523_fa92,2026-04-12 18:04:53,442,479,Zone 1,future
20260412_175523_fa92,2026-04-12 18:04:55,256,47,Zone 1,future
20260412_175523_fa92,2026-04-12 18:04:55,70,141,Zone 1,future
20260412_175523_fa92,2026-04-12 18:04:57,310,547,Zone 4,future
20260412_175523_fa92,2026-04-12 18:04:58,326,414,Zone 4,future
20260412_175523_fa92,2026-04-12 18:04:58,326,422,Zone 4,future
20260412_175523_fa92,2026-04-12 18:04:58,385,331,Zone 4,future
20260412_175523_fa92,2026-04-12 18:04:59,286,264,Zone 4,future
20260412_175523_fa92,2026-04-12 18:04:59,250,286,Zone 4,future
20260412_175523_fa92,2026-04-12 18:04:59,203,279,Zone 4,future
20260412_175523_fa92,2026-04-12 18:04:59,107,311,Zone 4,future
20260412_175523_fa92,2026-04-12 18:05:00,110,133,Zone 4,future
20260412_175523_fa92,2026-04-12 18:05:00,431,212,Zone 4,future
20260412_175523_fa92,2026-04-12 18:05:00,431,213,Zone 4,future
20260412_175523_fa92,2026-04-12 18:05:01,375,534,Zone 4,future
20260412_175523_fa92,2026-04-12 18:05:02,65,214,Zone 4,future
20260412_175523_fa92,2026-04-12 18:05:03,275,269,Zone 4,future
20260412_175523_fa92,2026-04-12 18:05:03,389,117,Zone 4,future
20260412_175523_fa92,2026-04-12 18:05:04,547,76,Zone 4,future
20260412_175523_fa92,2026-04-12 18:05:04,548,110,Zone 4,future
20260412_175523_fa92,2026-04-12 18:05:04,598,139,Zone 4,future
20260412_175523_fa92,2026-04-12 18:05:05,581,454,Zone 4,future
20260412_175523_fa92,2026-04-12 18:05:06,769,536,Zone 4,future
20260412_175523_fa92,2026-04-12 18:05:06,485,411,Zone 4,future
20260412_175523_fa92,2026-04-12 18:05:09,363,340,Zone 4,future
20260412_175523_fa92,2026-04-12 18:05:09,332,351,Zone 4,future
20260412_175523_fa92,2026-04-12 18:05:09,414,309,Zone 4,future
20260412_175523_fa92,2026-04-12 18:05:09,411,319,Zone 4,future
20260412_175523_fa92,2026-04-12 18:05:10,96,367,Zone 4,future
20260412_175523_fa92,2026-04-12 18:05:10,45,406,Zone 4,future
20260412_175523_fa92,2026-04-12 18:05:10,390,465,Zone 4,future
20260412_175523_fa92,2026-04-12 18:05:10,280,424,Zone 4,future
20260412_175523_fa92,2026-04-12 18:05:11,253,332,Zone 4,future
20260412_175523_fa92,2026-04-12 18:05:16,291,526,Zone 4,future
20260412_175523_fa92,2026-04-12 18:05:16,263,542,Zone 4,future
20260412_175523_fa92,2026-04-12 18:05:17,572,50,Zone 4,past
20260412_175523_fa92,2026-04-12 18:05:23,626,22,Zone 4,present
20260412_175523_fa92,2026-04-12 18:05:24,680,48,Zone 4,future
20260412_175523_fa92,2026-04-12 18:05:25,511,30,Zone 4,past
20260412_175523_fa92,2026-04-12 18:05:26,368,533,Zone 4,past
20260412_175523_fa92,2026-04-12 18:05:26,293,544,Zone 4,past
20260412_175523_fa92,2026-04-12 18:05:27,128,163,Zone 4,past
20260412_175523_fa92,2026-04-12 18:05:28,278,472,Zone 4,past
20260412_175523_fa92,2026-04-12 18:05:28,355,521,Zone 4,past
20260412_175523_fa92,2026-04-12 18:05:29,88,85,Zone 4,past
20260412_175523_fa92,2026-04-12 18:05:31,414,411,Zone 1,past
20260412_175523_fa92,2026-04-12 18:05:32,633,127,Zone 1,past
20260412_175523_fa92,2026-04-12 18:05:32,652,132,Zone 1,past
20260412_175523_fa92,2026-04-12 18:05:34,229,534,Zone 1,past
20260412_175523_fa92,2026-04-12 18:05:34,409,465,Zone 1,past
20260412_175523_fa92,2026-04-12 18:05:35,266,546,Zone 1,past
20260412_175523_fa92,2026-04-12 18:05:35,379,474,Zone 1,past
20260412_175523_fa92,2026-04-12 18:05:37,223,533,Zone 1,past
20260412_175523_fa92,2026-04-12 18:05:38,70,179,Zone 1,past
20260412_175523_fa92,2026-04-12 18:05:39,70,179,Zone 1,past
20260412_175523_fa92,2026-04-12 18:05:43,268,540,Zone 1,past
20260412_175523_fa92,2026-04-12 18:05:44,613,39,Zone 1,present
20260412_175523_fa92,2026-04-12 18:05:47,693,56,Zone 1,future
20260412_175523_fa92,2026-04-12 18:05:50,307,425,Zone 1,future
20260412_175523_fa92,2026-04-12 18:05:52,489,545,Zone 1,future
20260412_175523_fa92,2026-04-12 18:05:52,464,469,Zone 1,future
20260412_175523_fa92,2026-04-12 18:05:53,529,518,Zone 1,future
20260412_175523_fa92,2026-04-12 18:05:53,453,406,Zone 1,future
20260412_175523_fa92,2026-04-12 18:05:53,455,433,Zone 1,future
20260412_175523_fa92,2026-04-12 18:05:54,454,436,Zone 1,future
20260412_175523_fa92,2026-04-12 18:05:54,454,436,Zone 1,future
20260412_175523_fa92,2026-04-12 18:05:54,461,543,Zone 1,future
20260412_175523_fa92,2026-04-12 18:05:55,442,467,Zone 1,future
20260412_175523_fa92,2026-04-12 18:05:55,442,467,Zone 1,future
20260412_175523_fa92,2026-04-12 18:05:55,393,531,Zone 1,future
20260412_175523_fa92,2026-04-12 18:05:55,403,466,Zone 1,future
20260412_175523_fa92,2026-04-12 18:05:56,403,466,Zone 1,future
20260412_175523_fa92,2026-04-12 18:05:56,337,554,Zone 1,future
20260412_175523_fa92,2026-04-12 18:05:56,362,480,Zone 1,future
20260412_175523_fa92,2026-04-12 18:05:56,362,480,Zone 1,future
20260412_175523_fa92,2026-04-12 18:05:57,306,528,Zone 1,future
20260412_175523_fa92,2026-04-12 18:05:57,355,450,Zone 1,future
20260412_175523_fa92,2026-04-12 18:05:57,263,506,Zone 1,future
20260412_175523_fa92,2026-04-12 18:05:58,267,523,Zone 1,future
20260412_175523_fa92,2026-04-12 18:05:58,195,546,Zone 1,future
20260412_175523_fa92,2026-04-12 18:05:58,368,426,Zone 1,future
20260412_175523_fa92,2026-04-12 18:05:59,396,499,Zone 1,future
20260412_175523_fa92,2026-04-12 18:06:00,534,517,Zone 1,future
20260412_175523_fa92,2026-04-12 18:06:00,88,196,Zone 1,future
20260412_175523_fa92,2026-04-12 18:06:01,70,198,Zone 1,future
20260412_175523_fa92,2026-04-12 18:06:02,488,542,Zone 1,future
20260412_175523_fa92,2026-04-12 18:06:03,67,182,Zone 1,future
20260412_175523_fa92,2026-04-12 18:06:05,246,542,Zone 1,future
20260412_175523_fa92,2026-04-12 18:06:06,618,51,Zone 1,present
20260412_175523_fa92,2026-04-12 18:06:06,701,37,Zone 1,future
20260412_175523_fa92,2026-04-12 18:06:07,66,196,Zone 1,future
20260412_175523_fa92,2026-04-12 18:06:08,66,196,Zone 1,future
20260412_175523_fa92,2026-04-12 18:06:10,557,52,Zone 1,past
20260412_175523_fa92,2026-04-12 18:06:14,760,201,Zone 1,past
20260412_175523_fa92,2026-04-12 18:06:17,538,535,Zone 1,past
20260412_175523_fa92,2026-04-12 18:06:18,50,213,Zone 1,past
20260412_175523_fa92,2026-04-12 18:06:20,483,547,Zone 1,past
20260412_175523_fa92,2026-04-12 18:06:20,69,178,Zone 1,past
20260412_175523_fa92,2026-04-12 18:06:22,469,379,Zone 1,past
20260412_175523_fa92,2026-04-12 18:06:25,309,315,Zone 1,past
20260412_175523_fa92,2026-04-12 18:06:25,274,468,Zone 4,past
20260412_175523_fa92,2026-04-12 18:06:28,64,158,Zone 4,past
20260412_175523_fa92,2026-04-12 18:06:29,372,516,Zone 4,past
20260412_175523_fa92,2026-04-12 18:06:29,354,548,Zone 4,past
20260412_175523_fa92,2026-04-12 18:06:30,140,183,Zone 4,past
20260412_175523_fa92,2026-04-12 18:06:30,393,393,Zone 1,past
20260412_175523_fa92,2026-04-12 18:06:31,481,436,Zone 5,past
20260412_175523_fa92,2026-04-12 18:06:36,466,163,Zone 5,past
20260412_175523_fa92,2026-04-12 18:06:38,490,444,Zone 5,past
20260412_175523_fa92,2026-04-12 18:06:39,489,450,Zone 5,past
20260412_175523_fa92,2026-04-12 18:06:41,371,489,Zone 5,past
20260412_175523_fa92,2026-04-12 18:06:42,579,104,Zone 5,past
20260412_175523_fa92,2026-04-12 18:06:44,434,405,Zone 1,past
20260412_175523_fa92,2026-04-12 18:06:44,474,452,Zone 5,past
20260412_175523_fa92,2026-04-12 18:06:45,32,290,Zone 5,past
20260412_175523_fa92,2026-04-12 18:06:46,505,508,Zone 6,past
20260412_175523_fa92,2026-04-12 18:06:47,409,535,Zone 6,past
20260412_175523_fa92,2026-04-12 18:06:47,443,527,Zone 6,past
20260412_175523_fa92,2026-04-12 18:06:47,403,245,Zone 6,past
20260412_175523_fa92,2026-04-12 18:06:48,408,274,Zone 6,past
20260412_175523_fa92,2026-04-12 18:06:48,412,285,Zone 6,past
20260412_175523_fa92,2026-04-12 18:06:48,412,286,Zone 6,past
20260412_175523_fa92,2026-04-12 18:06:48,412,286,Zone 6,past
20260412_175523_fa92,2026-04-12 18:06:50,414,363,Zone 6,past
20260412_175523_fa92,2026-04-12 18:06:50,625,392,Zone 6,past
20260412_175523_fa92,2026-04-12 18:06:50,732,373,Zone 6,past
20260412_175523_fa92,2026-04-12 18:06:51,744,335,Zone 6,past
20260412_175523_fa92,2026-04-12 18:06:51,527,401,Zone 6,past
20260412_175523_fa92,2026-04-12 18:06:52,712,302,Zone 6,past
20260412_175523_fa92,2026-04-12 18:06:52,740,295,Zone 6,past
20260412_175523_fa92,2026-04-12 18:06:53,512,408,Zone 6,past
20260412_175523_fa92,2026-04-12 18:06:53,354,534,Zone 6,past
20260412_175523_fa92,2026-04-12 18:06:54,731,306,Zone 6,past
20260412_175523_fa92,2026-04-12 18:06:54,747,314,Zone 6,past
20260412_175523_fa92,2026-04-12 18:06:55,646,98,Zone 5,past
20260412_175523_fa92,2026-04-12 18:06:56,439,539,Zone 1,past
20260412_175523_fa92,2026-04-12 18:06:58,418,413,Zone 1,past
20260412_175523_fa92,2026-04-12 18:06:58,418,413,Zone 1,past
20260412_175523_fa92,2026-04-12 18:06:59,418,413,Zone 1,past
20260412_175523_fa92,2026-04-12 18:07:01,418,413,Zone 1,past
20260412_175523_fa92,2026-04-12 18:07:04,665,127,Zone 1,past
20260412_175523_fa92,2026-04-12 18:07:06,214,540,Zone 1,past
20260412_175523_fa92,2026-04-12 18:07:07,383,410,Zone 1,past
20260412_175523_fa92,2026-04-12 18:07:08,691,143,Zone 1,past
20260412_175523_fa92,2026-04-12 18:07:09,676,138,Zone 1,past
20260412_175523_fa92,2026-04-12 18:07:10,252,548,Zone 1,past
20260412_175523_fa92,2026-04-12 18:07:11,725,27,Zone 1,future
20260412_175523_fa92,2026-04-12 18:07:13,409,445,Zone 1,future
20260412_175523_fa92,2026-04-12 18:07:14,480,440,Zone 1,future
20260412_175523_fa92,2026-04-12 18:07:14,479,444,Zone 1,future
20260412_175523_fa92,2026-04-12 18:07:15,479,444,Zone 1,future
20260412_175523_fa92,2026-04-12 18:07:15,448,530,Zone 1,future
20260412_175523_fa92,2026-04-12 18:07:17,365,459,Zone 1,future
20260412_175523_fa92,2026-04-12 18:07:19,473,450,Zone 1,future
20260412_175523_fa92,2026-04-12 18:07:19,391,539,Zone 1,future
20260412_175523_fa92,2026-04-12 18:07:20,296,536,Zone 1,future
20260412_175523_fa92,2026-04-12 18:07:20,252,540,Zone 1,future
20260412_175523_fa92,2026-04-12 18:07:21,230,540,Zone 1,future
20260412_175523_fa92,2026-04-12 18:07:21,356,455,Zone 1,future
20260412_175523_fa92,2026-04-12 18:07:21,449,536,Zone 1,future
20260412_175523_fa92,2026-04-12 18:07:22,427,470,Zone 1,future
20260412_175523_fa92,2026-04-12 18:07:25,308,535,Zone 1,future
20260412_175523_fa92,2026-04-12 18:07:25,386,467,Zone 1,future
20260412_175523_fa92,2026-04-12 18:07:26,235,544,Zone 1,future
20260412_175523_fa92,2026-04-12 18:07:27,251,542,Zone 1,future
20260412_175523_fa92,2026-04-12 18:07:28,628,40,Zone 1,present
20260412_175523_fa92,2026-04-12 18:07:29,565,59,Zone 1,past
20260412_175523_fa92,2026-04-12 18:07:30,299,553,Zone 1,past
20260412_175523_fa92,2026-04-12 18:07:30,386,374,Zone 1,past
20260412_175523_fa92,2026-04-12 18:07:31,389,432,Zone 1,past
20260412_175523_fa92,2026-04-12 18:07:32,389,440,Zone 1,past
20260412_175523_fa92,2026-04-12 18:07:32,389,440,Zone 1,past
20260412_175523_fa92,2026-04-12 18:07:33,391,454,Zone 1,past
20260412_175523_fa92,2026-04-12 18:07:33,391,454,Zone 1,past
20260412_175523_fa92,2026-04-12 18:07:34,393,531,Zone 1,past
20260412_175523_fa92,2026-04-12 18:07:35,399,399,Zone 1,past
20260412_175523_fa92,2026-04-12 18:07:36,660,133,Zone 1,past
20260412_175523_fa92,2026-04-12 18:07:37,246,536,Zone 1,past
20260412_175523_fa92,2026-04-12 18:07:38,637,47,Zone 1,present
20260412_175523_fa92,2026-04-12 18:07:38,409,428,Zone 1,present
20260412_175523_fa92,2026-04-12 18:07:40,656,150,Zone 1,present
20260412_175523_fa92,2026-04-12 18:07:41,690,39,Zone 1,future
20260412_175523_fa92,2026-04-12 18:07:42,547,47,Zone 1,past
20260412_175523_fa92,2026-04-12 18:07:43,375,462,Zone 1,past
20260412_175523_fa92,2026-04-12 18:07:44,398,397,Zone 1,past
20260412_175523_fa92,2026-04-12 18:07:45,664,133,Zone 1,past
20260412_175523_fa92,2026-04-12 18:07:45,654,38,Zone 1,present
20260412_175523_fa92,2026-04-12 18:07:46,384,399,Zone 1,present
20260412_175523_fa92,2026-04-12 18:07:47,642,149,Zone 1,present
20260412_175523_fa92,2026-04-12 18:07:48,692,37,Zone 1,future
20260412_175523_fa92,2026-04-12 18:07:48,493,427,Zone 1,future
20260412_175523_fa92,2026-04-12 18:07:49,492,428,Zone 1,future
20260412_175523_fa92,2026-04-12 18:07:50,492,428,Zone 1,future
20260412_175523_fa92,2026-04-12 18:07:52,482,416,Zone 1,future
20260412_175523_fa92,2026-04-12 18:07:53,482,416,Zone 1,future
20260412_175523_fa92,2026-04-12 18:07:55,477,434,Zone 1,future
20260412_175523_fa92,2026-04-12 18:07:56,172,561,Zone 1,future
20260412_175523_fa92,2026-04-12 18:07:56,197,536,Zone 1,future
20260412_175523_fa92,2026-04-12 18:07:57,515,473,Zone 1,future
20260412_175523_fa92,2026-04-12 18:07:58,508,445,Zone 1,future
20260412_175523_fa92,2026-04-12 18:07:58,508,445,Zone 1,future
20260412_175523_fa92,2026-04-12 18:07:58,508,445,Zone 1,future
20260412_175523_fa92,2026-04-12 18:07:59,508,445,Zone 1,future
20260412_175523_fa92,2026-04-12 18:07:59,508,445,Zone 1,future
20260412_175523_fa92,2026-04-12 18:08:00,503,443,Zone 1,future
20260412_175523_fa92,2026-04-12 18:08:00,495,427,Zone 1,future
20260412_175523_fa92,2026-04-12 18:08:00,495,427,Zone 1,future
20260412_175523_fa92,2026-04-12 18:08:00,495,427,Zone 1,future
20260412_175523_fa92,2026-04-12 18:08:00,495,427,Zone 1,future
20260412_175523_fa92,2026-04-12 18:08:01,508,480,Zone 1,future
20260412_175523_fa92,2026-04-12 18:08:02,327,358,Zone 1,future
20260412_175523_fa92,2026-04-12 18:08:03,279,532,Zone 1,future
20260412_175523_fa92,2026-04-12 18:08:03,654,44,Zone 1,present
20260412_175523_fa92,2026-04-12 18:08:04,229,552,Zone 1,present
20260412_175523_fa92,2026-04-12 18:08:05,418,390,Zone 1,present
20260412_175523_fa92,2026-04-12 18:08:06,657,136,Zone 1,present
20260412_175523_fa92,2026-04-12 18:08:06,483,439,Zone 1,present
20260412_175523_fa92,2026-04-12 18:08:10,297,525,Zone 1,present
20260412_175523_fa92,2026-04-12 18:08:11,266,540,Zone 1,present
20260412_175523_fa92,2026-04-12 18:08:12,306,520,Zone 1,present
20260412_175523_fa92,2026-04-12 18:08:13,454,403,Zone 1,present
20260412_175523_fa92,2026-04-12 18:08:14,467,437,Zone 1,present
20260412_175523_fa92,2026-04-12 18:08:16,676,123,Zone 1,present
20260412_175523_fa92,2026-04-12 18:08:18,270,546,Zone 1,present
20260412_175523_fa92,2026-04-12 18:08:18,548,41,Zone 1,past
20260412_175523_fa92,2026-04-12 18:08:20,433,388,Zone 1,past
20260412_175523_fa92,2026-04-12 18:08:20,487,437,Zone 5,past
20260412_175523_fa92,2026-04-12 18:08:21,479,116,Zone 5,past
20260412_175523_fa92,2026-04-12 18:08:21,472,145,Zone 5,past
20260412_175523_fa92,2026-04-12 18:08:22,250,464,Zone 5,past
20260412_175523_fa92,2026-04-12 18:08:22,251,464,Zone 5,past
20260412_175523_fa92,2026-04-12 18:08:22,251,464,Zone 5,past
20260412_175523_fa92,2026-04-12 18:08:23,251,464,Zone 5,past
20260412_175523_fa92,2026-04-12 18:08:23,203,519,Zone 5,past
20260412_175523_fa92,2026-04-12 18:08:24,435,169,Zone 5,past
20260412_175523_fa92,2026-04-12 18:08:25,342,463,Zone 5,past
20260412_175523_fa92,2026-04-12 18:08:25,342,463,Zone 5,past
20260412_175523_fa92,2026-04-12 18:08:25,342,463,Zone 5,past
20260412_175523_fa92,2026-04-12 18:08:25,342,463,Zone 5,past
20260412_175523_fa92,2026-04-12 18:08:26,709,105,Zone 5,past
20260412_175523_fa92,2026-04-12 18:08:27,344,402,Zone 1,past
20260412_175523_fa92,2026-04-12 18:08:29,315,511,Zone 1,past
20260412_175523_fa92,2026-04-12 18:08:30,307,291,Zone 1,past
20260412_175523_fa92,2026-04-12 18:08:30,304,292,Zone 1,past
20260412_175523_fa92,2026-04-12 18:08:31,279,368,Zone 1,past
20260412_175523_fa92,2026-04-12 18:08:32,360,440,Zone 1,past
20260412_175523_fa92,2026-04-12 18:08:32,392,399,Zone 1,past
20260412_175523_fa92,2026-04-12 18:08:33,522,452,Zone 5,past
20260412_175523_fa92,2026-04-12 18:08:35,442,153,Zone 5,past
20260412_175523_fa92,2026-04-12 18:08:35,405,251,Zone 5,past
20260412_175523_fa92,2026-04-12 18:08:36,420,131,Zone 5,past
20260412_175523_fa92,2026-04-12 18:08:36,427,143,Zone 5,past
20260412_175523_fa92,2026-04-12 18:08:37,395,231,Zone 5,past
20260412_175523_fa92,2026-04-12 18:08:37,451,170,Zone 5,past
20260412_175523_fa92,2026-04-12 18:08:38,449,172,Zone 5,past
20260412_175523_fa92,2026-04-12 18:08:39,250,552,Zone 5,past
20260412_175523_fa92,2026-04-12 18:08:40,232,537,Zone 5,past
20260412_175523_fa92,2026-04-12 18:08:40,212,543,Zone 5,past
20260412_175523_fa92,2026-04-12 18:08:41,212,537,Zone 5,past
20260412_175523_fa92,2026-04-12 18:08:41,639,19,Zone 5,past
20260412_175523_fa92,2026-04-12 18:08:43,380,402,Zone 1,past
20260412_175523_fa92,2026-04-12 18:08:43,500,472,Zone 5,past
20260412_175523_fa92,2026-04-12 18:08:44,599,31,Zone 5,present
20260412_175523_fa92,2026-04-12 18:08:45,450,142,Zone 5,present
20260412_175523_fa92,2026-04-12 18:08:46,403,183,Zone 5,present
20260412_175523_fa92,2026-04-12 18:08:46,672,35,Zone 5,future
20260412_175523_fa92,2026-04-12 18:08:47,422,150,Zone 5,future
20260412_175523_fa92,2026-04-12 18:08:48,348,282,Zone 5,future
20260412_175523_fa92,2026-04-12 18:08:48,362,362,Zone 5,future
20260412_175523_fa92,2026-04-12 18:08:50,591,425,Zone 5,future
20260412_175523_fa92,2026-04-12 18:08:50,336,460,Zone 5,future
20260412_175523_fa92,2026-04-12 18:08:51,308,446,Zone 5,future
20260412_175523_fa92,2026-04-12 18:08:52,305,440,Zone 5,future
20260412_175523_fa92,2026-04-12 18:08:55,444,423,Zone 5,future
20260412_175523_fa92,2026-04-12 18:08:56,432,421,Zone 5,future
20260412_175523_fa92,2026-04-12 18:08:56,447,141,Zone 5,future
20260412_175523_fa92,2026-04-12 18:08:57,413,283,Zone 5,future
20260412_175523_fa92,2026-04-12 18:08:57,413,283,Zone 5,future
20260412_175523_fa92,2026-04-12 18:08:57,413,283,Zone 5,future
20260412_175523_fa92,2026-04-12 18:08:57,413,283,Zone 5,future
20260412_175523_fa92,2026-04-12 18:08:59,413,283,Zone 5,future
20260412_175523_fa92,2026-04-12 18:08:59,412,283,Zone 5,future
20260412_175523_fa92,2026-04-12 18:09:00,429,189,Zone 5,future
20260412_175523_fa92,2026-04-12 18:09:00,431,160,Zone 5,future
20260412_175523_fa92,2026-04-12 18:09:02,335,339,Zone 5,future
20260412_175523_fa92,2026-04-12 18:09:03,334,351,Zone 5,future
20260412_175523_fa92,2026-04-12 18:09:03,333,347,Zone 5,future
20260412_175523_fa92,2026-04-12 18:09:05,281,385,Zone 5,future
20260412_175523_fa92,2026-04-12 18:09:07,543,396,Zone 5,future
20260412_175523_fa92,2026-04-12 18:09:09,535,306,Zone 5,future
20260412_175523_fa92,2026-04-12 18:09:10,535,306,Zone 5,future
20260412_175523_fa92,2026-04-12 18:09:11,535,306,Zone 5,future
20260412_175523_fa92,2026-04-12 18:09:11,535,306,Zone 5,future
20260412_175523_fa92,2026-04-12 18:09:11,535,306,Zone 5,future
20260412_175523_fa92,2026-04-12 18:09:12,466,168,Zone 5,future
20260412_175523_fa92,2026-04-12 18:09:13,467,157,Zone 5,future
20260412_175523_fa92,2026-04-12 18:09:14,602,39,Zone 5,present
20260412_175523_fa92,2026-04-12 18:09:15,549,45,Zone 5,past
20260412_175523_fa92,2026-04-12 18:09:16,640,121,Zone 5,past
20260412_175523_fa92,2026-04-12 18:09:17,395,424,Zone 1,past
20260412_175523_fa92,2026-04-12 18:09:19,399,237,Zone 1,past
20260412_175523_fa92,2026-04-12 18:09:20,380,278,Zone 1,past
20260412_175523_fa92,2026-04-12 18:09:21,380,279,Zone 1,past
20260412_175523_fa92,2026-04-12 18:09:22,380,279,Zone 1,past
20260412_175523_fa92,2026-04-12 18:09:23,380,279,Zone 1,past
20260412_175523_fa92,2026-04-12 18:09:24,380,279,Zone 1,past
20260412_175523_fa92,2026-04-12 18:09:25,364,290,Zone 7,past
20260412_175523_fa92,2026-04-12 18:09:27,364,290,Zone 7,past
20260412_175523_fa92,2026-04-12 18:09:28,364,290,Zone 7,past
20260412_175523_fa92,2026-04-12 18:09:29,361,290,Zone 7,past
20260412_175523_fa92,2026-04-12 18:09:30,361,290,Zone 7,past
20260412_175523_fa92,2026-04-12 18:09:30,361,290,Zone 7,past
20260412_175523_fa92,2026-04-12 18:09:31,303,406,Zone 7,past
20260412_175523_fa92,2026-04-12 18:09:32,325,432,Zone 7,past
20260412_175523_fa92,2026-04-12 18:09:38,436,390,Zone 7,past
20260412_181610_a7bb,2026-04-12 18:16:15,404,383,Zone 2,present
20260412_181610_a7bb,2026-04-12 18:16:16,351,378,Zone 2,present
20260412_181610_a7bb,2026-04-12 18:16:21,316,425,Zone 2,present
20260412_181610_a7bb,2026-04-12 18:16:23,286,443,Zone 2,present
20260412_181610_a7bb,2026-04-12 18:16:25,285,439,Zone 2,present
20260412_181610_a7bb,2026-04-12 18:16:28,754,156,Zone 2,present
20260412_181610_a7bb,2026-04-12 18:16:33,722,442,Zone 2,present
20260412_181610_a7bb,2026-04-12 18:16:36,245,436,Zone 2,present
20260412_181610_a7bb,2026-04-12 18:16:40,21,538,Zone 2,present
20260412_181610_a7bb,2026-04-12 18:16:45,527,446,Zone 1,present
20260412_181610_a7bb,2026-04-12 18:16:47,417,248,Zone 1,present
20260412_181610_a7bb,2026-04-12 18:16:51,340,455,Zone 1,present
20260412_181610_a7bb,2026-04-12 18:16:57,489,421,Zone 1,present
20260412_181610_a7bb,2026-04-12 18:17:02,367,425,Zone 1,present
20260412_181610_a7bb,2026-04-12 18:17:04,485,414,Zone 1,present
20260412_181610_a7bb,2026-04-12 18:17:06,251,545,Zone 1,present
20260412_181610_a7bb,2026-04-12 18:17:10,564,39,Zone 1,past
20260412_181610_a7bb,2026-04-12 18:17:11,600,37,Zone 1,present
20260412_181610_a7bb,2026-04-12 18:17:12,609,41,Zone 1,present
20260412_181610_a7bb,2026-04-12 18:17:13,564,43,Zone 1,past
20260412_181610_a7bb,2026-04-12 18:17:14,711,43,Zone 1,future
20260412_181610_a7bb,2026-04-12 18:17:15,641,49,Zone 1,present
20260412_181610_a7bb,2026-04-12 18:17:16,557,49,Zone 1,past
20260412_181610_a7bb,2026-04-12 18:17:20,591,45,Zone 1,present
20260412_181610_a7bb,2026-04-12 18:17:22,108,306,Zone 1,present
20260412_181610_a7bb,2026-04-12 18:17:29,602,325,Zone 1,present
20260412_181610_a7bb,2026-04-12 18:17:39,659,124,Zone 1,present
20260412_181610_a7bb,2026-04-12 18:17:47,527,277,Zone 1,present
20260412_181610_a7bb,2026-04-12 18:17:50,527,276,Zone 1,present
20260412_181610_a7bb,2026-04-12 18:17:51,527,276,Zone 1,present
20260412_181610_a7bb,2026-04-12 18:18:07,546,385,Zone 1,present
20260412_181610_a7bb,2026-04-12 18:18:19,242,457,Zone 1,present
20260412_181610_a7bb,2026-04-12 18:18:23,647,136,Zone 1,present
20260412_181610_a7bb,2026-04-12 18:18:25,702,232,Zone 1,present
20260412_181610_a7bb,2026-04-12 18:18:26,368,539,Zone 1,present
20260412_181610_a7bb,2026-04-12 18:18:35,276,520,Zone 1,present
20260412_181610_a7bb,2026-04-12 18:18:39,15,513,Zone 1,present
20260412_181610_a7bb,2026-04-12 18:18:45,439,213,Zone 3,present
20260412_181610_a7bb,2026-04-12 18:18:49,529,46,Zone 3,past
20260412_181610_a7bb,2026-04-12 18:18:51,725,325,Zone 3,past
20260412_181610_a7bb,2026-04-12 18:18:53,598,46,Zone 3,present
20260412_181610_a7bb,2026-04-12 18:18:54,539,29,Zone 3,past
20260412_181610_a7bb,2026-04-12 18:18:56,65,306,Zone 3,past
20260412_181610_a7bb,2026-04-12 18:18:56,72,306,Zone 3,past
20260412_181610_a7bb,2026-04-12 18:18:57,72,306,Zone 3,past
20260412_181610_a7bb,2026-04-12 18:18:57,80,307,Zone 3,past
20260412_181610_a7bb,2026-04-12 18:19:00,619,39,Zone 3,past
20260412_181610_a7bb,2026-04-12 18:19:01,619,39,Zone 3,past
20260412_181610_a7bb,2026-04-12 18:19:01,619,39,Zone 3,present
20260412_181610_a7bb,2026-04-12 18:19:03,443,541,Zone 3,present
20260412_181610_a7bb,2026-04-12 18:19:04,401,213,Zone 3,present
20260412_181610_a7bb,2026-04-12 18:19:08,455,535,Zone 3,present
20260412_181610_a7bb,2026-04-12 18:19:13,591,432,Zone 3,present
20260412_181610_a7bb,2026-04-12 18:19:18,396,426,Zone 3,present
20260412_181610_a7bb,2026-04-12 18:19:22,396,426,Zone 3,present
20260412_181610_a7bb,2026-04-12 18:19:25,273,541,Zone 3,present
20260412_181610_a7bb,2026-04-12 18:19:26,292,537,Zone 3,present
20260412_181610_a7bb,2026-04-12 18:19:28,258,551,Zone 3,present
20260412_181610_a7bb,2026-04-12 18:19:29,204,534,Zone 3,present
20260412_181610_a7bb,2026-04-12 18:19:34,269,539,Zone 3,present
20260412_181610_a7bb,2026-04-12 18:19:36,669,33,Zone 3,future
20260412_181610_a7bb,2026-04-12 18:19:38,117,128,Zone 3,future
20260412_181610_a7bb,2026-04-12 18:19:39,491,539,Zone 3,future
20260412_181610_a7bb,2026-04-12 18:19:43,271,547,Zone 3,future
20260412_181610_a7bb,2026-04-12 18:19:46,533,36,Zone 3,past
20260412_181610_a7bb,2026-04-12 18:19:47,383,534,Zone 3,past
20260412_181610_a7bb,2026-04-12 18:19:48,694,328,Zone 3,past
20260412_181610_a7bb,2026-04-12 18:19:49,704,310,Zone 3,past
20260412_181610_a7bb,2026-04-12 18:19:50,409,537,Zone 3,past
20260412_181610_a7bb,2026-04-12 18:19:50,473,529,Zone 3,past
20260412_181610_a7bb,2026-04-12 18:19:51,498,537,Zone 3,past
20260412_181610_a7bb,2026-04-12 18:19:52,410,539,Zone 3,past
20260412_181610_a7bb,2026-04-12 18:19:52,474,533,Zone 3,past
20260412_181610_a7bb,2026-04-12 18:19:53,384,534,Zone 3,past
20260412_181610_a7bb,2026-04-12 18:19:55,730,240,Zone 3,past
20260412_181610_a7bb,2026-04-12 18:19:57,767,459,Zone 3,past
20260412_181610_a7bb,2026-04-12 18:20:02,492,527,Zone 1,past
20260412_181610_a7bb,2026-04-12 18:20:07,407,531,Zone 1,past
20260412_181610_a7bb,2026-04-12 18:20:08,42,184,Zone 1,past
20260412_181610_a7bb,2026-04-12 18:20:11,461,529,Zone 1,past
20260412_181610_a7bb,2026-04-12 18:20:12,461,529,Zone 1,past
20260412_181610_a7bb,2026-04-12 18:20:13,65,185,Zone 1,past
20260412_181610_a7bb,2026-04-12 18:20:17,271,541,Zone 1,past
20260412_181610_a7bb,2026-04-12 18:20:18,271,541,Zone 1,past
20260412_181610_a7bb,2026-04-12 18:20:20,271,541,Zone 1,past
20260412_181610_a7bb,2026-04-12 18:20:20,271,541,Zone 1,past
20260412_181610_a7bb,2026-04-12 18:20:21,271,541,Zone 1,past
20260412_181610_a7bb,2026-04-12 18:20:22,633,30,Zone 1,present
20260412_181610_a7bb,2026-04-12 18:20:28,97,164,Zone 1,present
20260412_181610_a7bb,2026-04-12 18:20:29,81,146,Zone 1,present
20260412_181610_a7bb,2026-04-12 18:20:32,18,130,Zone 1,present
20260412_181610_a7bb,2026-04-12 18:20:32,71,131,Zone 1,present
20260412_181610_a7bb,2026-04-12 18:20:32,71,131,Zone 1,present
20260412_181610_a7bb,2026-04-12 18:20:32,71,131,Zone 1,present
20260412_181610_a7bb,2026-04-12 18:20:33,71,131,Zone 1,present
20260412_181610_a7bb,2026-04-12 18:20:33,71,131,Zone 1,present
20260412_181610_a7bb,2026-04-12 18:20:34,676,17,Zone 1,present
20260412_181610_a7bb,2026-04-12 18:20:34,682,42,Zone 1,future
20260412_181610_a7bb,2026-04-12 18:20:38,281,457,Zone 1,future
20260412_181610_a7bb,2026-04-12 18:20:41,534,433,Zone 1,future
20260412_181610_a7bb,2026-04-12 18:20:42,534,433,Zone 1,future
20260412_181610_a7bb,2026-04-12 18:20:43,534,433,Zone 1,future
20260412_181610_a7bb,2026-04-12 18:20:44,66,144,Zone 1,future
20260412_181610_a7bb,2026-04-12 18:20:49,354,532,Zone 1,future
20260412_181610_a7bb,2026-04-12 18:20:50,361,544,Zone 1,future
20260412_181610_a7bb,2026-04-12 18:20:52,358,533,Zone 1,future
20260412_181610_a7bb,2026-04-12 18:20:54,348,546,Zone 1,future
20260412_181610_a7bb,2026-04-12 18:20:55,351,549,Zone 1,future
20260412_181610_a7bb,2026-04-12 18:20:56,350,535,Zone 1,future
20260412_181610_a7bb,2026-04-12 18:20:57,350,535,Zone 1,future
20260412_181610_a7bb,2026-04-12 18:20:58,62,172,Zone 1,future
20260412_181610_a7bb,2026-04-12 18:21:01,106,198,Zone 1,future
20260412_181610_a7bb,2026-04-12 18:21:06,437,439,Zone 4,future
20260412_181610_a7bb,2026-04-12 18:21:07,435,437,Zone 4,future
20260412_181610_a7bb,2026-04-12 18:21:08,435,437,Zone 4,future
20260412_181610_a7bb,2026-04-12 18:21:11,538,101,Zone 4,future
20260412_181610_a7bb,2026-04-12 18:21:14,497,451,Zone 4,future
20260412_181610_a7bb,2026-04-12 18:21:18,490,442,Zone 4,future
20260412_181610_a7bb,2026-04-12 18:21:19,490,442,Zone 4,future
20260412_181610_a7bb,2026-04-12 18:21:27,98,188,Zone 4,future
20260412_181610_a7bb,2026-04-12 18:21:29,388,450,Zone 4,future
20260412_181610_a7bb,2026-04-12 18:21:30,268,543,Zone 4,future
20260412_181610_a7bb,2026-04-12 18:21:32,638,46,Zone 4,present
20260412_181610_a7bb,2026-04-12 18:21:38,523,52,Zone 4,past
20260412_181610_a7bb,2026-04-12 18:21:41,469,134,Zone 4,past
20260412_181610_a7bb,2026-04-12 18:21:42,384,399,Zone 4,past
20260412_181610_a7bb,2026-04-12 18:21:45,355,413,Zone 4,past
20260412_181610_a7bb,2026-04-12 18:21:51,355,413,Zone 4,past
20260412_181610_a7bb,2026-04-12 18:21:55,247,419,Zone 4,past
20260412_181610_a7bb,2026-04-12 18:21:56,350,555,Zone 4,past
20260412_181610_a7bb,2026-04-12 18:21:58,555,95,Zone 4,past
20260412_181610_a7bb,2026-04-12 18:21:59,155,425,Zone 4,past
20260412_181610_a7bb,2026-04-12 18:22:01,264,424,Zone 4,past
20260412_181610_a7bb,2026-04-12 18:22:03,265,424,Zone 4,past
20260412_181610_a7bb,2026-04-12 18:22:06,364,423,Zone 4,past
20260412_181610_a7bb,2026-04-12 18:22:09,104,183,Zone 4,past
20260412_181610_a7bb,2026-04-12 18:22:12,406,538,Zone 4,past
20260412_181610_a7bb,2026-04-12 18:22:12,406,538,Zone 4,past
20260412_181610_a7bb,2026-04-12 18:22:13,169,254,Zone 4,past
20260412_181610_a7bb,2026-04-12 18:22:14,116,170,Zone 4,past
20260412_181610_a7bb,2026-04-12 18:22:20,582,319,Zone 1,past
20260412_181610_a7bb,2026-04-12 18:22:25,660,119,Zone 1,past
20260412_181610_a7bb,2026-04-12 18:22:28,62,505,Zone 1,past
20260412_181610_a7bb,2026-04-12 18:22:30,773,476,Zone 3,past
20260412_181610_a7bb,2026-04-12 18:22:30,773,476,Zone 1,past
20260412_181610_a7bb,2026-04-12 18:22:33,18,530,Zone 2,past
20260412_181610_a7bb,2026-04-12 18:22:34,18,530,Zone 1,past
20260412_181610_a7bb,2026-04-12 18:22:35,763,463,Zone 3,past
20260412_181610_a7bb,2026-04-12 18:22:39,255,542,Zone 1,past
20260412_181610_a7bb,2026-04-12 18:22:39,671,28,Zone 1,future
20260412_181610_a7bb,2026-04-12 18:22:41,91,156,Zone 1,future
20260412_181610_a7bb,2026-04-12 18:22:43,91,153,Zone 4,future
20260412_181610_a7bb,2026-04-12 18:22:45,392,539,Zone 4,future
20260412_181610_a7bb,2026-04-12 18:22:45,394,525,Zone 4,future
20260412_181610_a7bb,2026-04-12 18:22:47,113,188,Zone 4,future
20260412_181610_a7bb,2026-04-12 18:22:48,313,539,Zone 4,future
20260412_181610_a7bb,2026-04-12 18:22:48,246,547,Zone 4,future
20260412_181610_a7bb,2026-04-12 18:22:49,634,44,Zone 4,present
20260412_181610_a7bb,2026-04-12 18:22:51,557,43,Zone 4,past
20260412_181610_a7bb,2026-04-12 18:22:52,395,541,Zone 4,past
20260412_181610_a7bb,2026-04-12 18:22:53,88,181,Zone 4,past
20260412_181610_a7bb,2026-04-12 18:22:58,251,545,Zone 1,past
20260412_181610_a7bb,2026-04-12 18:23:01,637,48,Zone 1,present
20260412_181610_a7bb,2026-04-12 18:23:01,676,35,Zone 1,future
20260412_181610_a7bb,2026-04-12 18:23:02,93,152,Zone 1,future
20260412_181610_a7bb,2026-04-12 18:23:03,623,44,Zone 4,present
20260412_181610_a7bb,2026-04-12 18:23:04,413,522,Zone 4,present
20260412_181610_a7bb,2026-04-12 18:23:05,97,203,Zone 4,present
20260412_181610_a7bb,2026-04-12 18:23:13,235,517,Zone 4,present
20260412_181610_a7bb,2026-04-12 18:23:13,251,535,Zone 4,present
20260412_181610_a7bb,2026-04-12 18:23:15,351,533,Zone 4,present
20260412_181610_a7bb,2026-04-12 18:23:17,271,533,Zone 4,present
20260412_181610_a7bb,2026-04-12 18:23:18,556,31,Zone 4,past
20260412_181610_a7bb,2026-04-12 18:23:20,345,540,Zone 4,past
20260412_181610_a7bb,2026-04-12 18:23:21,605,362,Zone 4,past
20260412_181610_a7bb,2026-04-12 18:23:25,393,539,Zone 4,past
20260412_181610_a7bb,2026-04-12 18:23:26,89,199,Zone 4,past
20260412_181610_a7bb,2026-04-12 18:23:27,358,532,Zone 1,past
20260412_181610_a7bb,2026-04-12 18:23:28,422,369,Zone 1,past
20260412_181610_a7bb,2026-04-12 18:23:31,415,386,Zone 1,past
20260412_181610_a7bb,2026-04-12 18:23:32,415,386,Zone 1,past
20260412_181610_a7bb,2026-04-12 18:23:48,474,460,Zone 1,past
20260412_181610_a7bb,2026-04-12 18:24:00,762,456,Zone 1,past
20260412_181610_a7bb,2026-04-12 18:24:03,174,582,Zone 2,past
20260412_181610_a7bb,2026-04-12 18:24:03,174,587,Zone 2,past
20260412_181610_a7bb,2026-04-12 18:24:07,255,542,Zone 2,past
20260412_181610_a7bb,2026-04-12 18:24:08,612,37,Zone 2,present
20260412_181610_a7bb,2026-04-12 18:24:12,724,49,Zone 2,future
20260412_181610_a7bb,2026-04-12 18:24:13,21,563,Zone 2,future
20260412_181610_a7bb,2026-04-12 18:24:16,613,50,Zone 1,present
20260412_181610_a7bb,2026-04-12 18:24:18,437,371,Zone 1,present
20260412_181610_a7bb,2026-04-12 18:24:20,639,130,Zone 1,present
20260412_181610_a7bb,2026-04-12 18:24:20,700,151,Zone 1,present
20260412_181610_a7bb,2026-04-12 18:24:20,669,116,Zone 1,present
20260412_181610_a7bb,2026-04-12 18:24:22,540,52,Zone 1,past
20260412_181610_a7bb,2026-04-12 18:24:26,396,371,Zone 1,past
20260412_181610_a7bb,2026-04-12 18:24:27,648,117,Zone 1,past
20260412_181610_a7bb,2026-04-12 18:24:30,5,511,Zone 1,past
20260412_181610_a7bb,2026-04-12 18:24:33,614,54,Zone 3,present
20260412_181610_a7bb,2026-04-12 18:24:34,702,37,Zone 3,future
20260412_181610_a7bb,2026-04-12 18:24:38,210,551,Zone 3,future
20260412_181610_a7bb,2026-04-12 18:24:42,757,491,Zone 3,future
20260412_181610_a7bb,2026-04-12 18:24:45,311,528,Zone 1,future
20260412_181610_a7bb,2026-04-12 18:24:45,338,537,Zone 1,future
20260412_181610_a7bb,2026-04-12 18:24:46,285,540,Zone 1,future
20260412_181610_a7bb,2026-04-12 18:24:46,271,543,Zone 1,future
20260412_181610_a7bb,2026-04-12 18:24:48,136,230,Zone 1,future
20260412_181610_a7bb,2026-04-12 18:24:49,187,542,Zone 4,future
20260412_181610_a7bb,2026-04-12 18:24:50,213,519,Zone 4,future
20260412_181610_a7bb,2026-04-12 18:24:57,551,85,Zone 4,future
20260412_181610_a7bb,2026-04-12 18:24:58,526,57,Zone 4,future
20260412_181610_a7bb,2026-04-12 18:25:04,127,225,Zone 1,future
20260412_181610_a7bb,2026-04-12 18:25:06,395,547,Zone 4,future
20260412_181610_a7bb,2026-04-12 18:25:08,310,541,Zone 4,future
20260412_181610_a7bb,2026-04-12 18:25:08,236,540,Zone 4,future
20260412_181610_a7bb,2026-04-12 18:25:09,272,555,Zone 4,future
20260412_181610_a7bb,2026-04-12 18:25:10,526,48,Zone 4,past
20260412_181610_a7bb,2026-04-12 18:25:13,350,548,Zone 4,past
20260412_181610_a7bb,2026-04-12 18:25:13,293,278,Zone 4,past
20260412_181610_a7bb,2026-04-12 18:25:14,447,415,Zone 4,past
20260412_181610_a7bb,2026-04-12 18:25:14,494,355,Zone 4,past
20260412_181610_a7bb,2026-04-12 18:25:14,390,95,Zone 4,past
20260412_181610_a7bb,2026-04-12 18:25:15,259,105,Zone 4,past
20260412_181610_a7bb,2026-04-12 18:25:15,243,103,Zone 4,past
20260412_181610_a7bb,2026-04-12 18:25:18,401,553,Zone 4,past
20260412_181610_a7bb,2026-04-12 18:25:21,263,546,Zone 4,past
20260412_181610_a7bb,2026-04-12 18:25:22,291,525,Zone 4,past
20260412_181610_a7bb,2026-04-12 18:25:23,344,558,Zone 4,past
20260412_181610_a7bb,2026-04-12 18:25:24,398,547,Zone 4,past
20260412_181610_a7bb,2026-04-12 18:25:25,48,167,Zone 4,past
20260412_181610_a7bb,2026-04-12 18:25:31,775,460,Zone 1,past
20260412_181610_a7bb,2026-04-12 18:25:33,448,546,Zone 2,past
20260412_181610_a7bb,2026-04-12 18:25:34,279,339,Zone 2,past
20260412_181610_a7bb,2026-04-12 18:25:34,201,382,Zone 2,past
20260412_181610_a7bb,2026-04-12 18:25:36,34,551,Zone 2,past
20260412_181610_a7bb,2026-04-12 18:25:41,35,520,Zone 1,past
20260412_181610_a7bb,2026-04-12 18:25:47,398,536,Zone 3,past
20260412_181610_a7bb,2026-04-12 18:25:48,262,539,Zone 3,past
20260412_181610_a7bb,2026-04-12 18:25:49,639,44,Zone 3,present
20260412_181610_a7bb,2026-04-12 18:25:50,448,535,Zone 3,present
20260412_181610_a7bb,2026-04-12 18:25:56,767,436,Zone 3,present
20260412_181610_a7bb,2026-04-12 18:26:02,761,493,Zone 1,present
20260412_181610_a7bb,2026-04-12 18:26:06,40,549,Zone 2,present
20260412_181610_a7bb,2026-04-12 18:26:07,356,544,Zone 1,present
20260412_181610_a7bb,2026-04-12 18:26:08,394,532,Zone 1,present
20260412_181610_a7bb,2026-04-12 18:26:08,246,541,Zone 1,present
20260412_181610_a7bb,2026-04-12 18:26:10,687,60,Zone 1,present
20260412_181610_a7bb,2026-04-12 18:26:10,692,50,Zone 1,future
20260412_181610_a7bb,2026-04-12 18:26:11,443,549,Zone 1,future
20260412_181610_a7bb,2026-04-12 18:26:12,92,204,Zone 1,future
20260412_181610_a7bb,2026-04-12 18:26:18,353,549,Zone 4,future
20260412_181610_a7bb,2026-04-12 18:26:18,309,536,Zone 4,future
20260412_181610_a7bb,2026-04-12 18:26:19,549,93,Zone 4,future
20260412_181610_a7bb,2026-04-12 18:26:21,110,84,Zone 4,future
20260412_181610_a7bb,2026-04-12 18:26:23,423,533,Zone 4,future
20260412_181610_a7bb,2026-04-12 18:26:23,393,531,Zone 4,future
20260412_181610_a7bb,2026-04-12 18:26:24,136,104,Zone 4,future
20260412_181610_a7bb,2026-04-12 18:26:25,227,545,Zone 4,future
20260412_181610_a7bb,2026-04-12 18:26:25,227,545,Zone 4,future
20260412_181610_a7bb,2026-04-12 18:26:26,194,164,Zone 4,future
20260412_181610_a7bb,2026-04-12 18:26:26,341,339,Zone 4,future
20260412_181610_a7bb,2026-04-12 18:26:26,438,395,Zone 4,future
20260412_181610_a7bb,2026-04-12 18:26:33,271,540,Zone 4,future
20260412_181610_a7bb,2026-04-12 18:26:34,545,39,Zone 4,past
20260412_181610_a7bb,2026-04-12 18:26:36,520,419,Zone 4,past
20260412_181610_a7bb,2026-04-12 18:26:38,466,80,Zone 4,past
20260412_181610_a7bb,2026-04-12 18:26:40,346,532,Zone 4,past
20260412_181610_a7bb,2026-04-12 18:26:40,313,446,Zone 4,past
20260412_181610_a7bb,2026-04-12 18:26:41,242,412,Zone 4,past
20260412_181610_a7bb,2026-04-12 18:26:41,390,451,Zone 4,past
20260412_181610_a7bb,2026-04-12 18:26:42,433,532,Zone 4,past
20260412_181610_a7bb,2026-04-12 18:26:46,208,530,Zone 4,past
20260412_181610_a7bb,2026-04-12 18:26:46,147,103,Zone 4,past
20260412_181610_a7bb,2026-04-12 18:26:51,395,558,Zone 4,past
20260412_181610_a7bb,2026-04-12 18:26:51,398,542,Zone 4,past
20260412_181610_a7bb,2026-04-12 18:26:52,103,176,Zone 4,past
20260412_181610_a7bb,2026-04-12 18:26:57,438,539,Zone 1,past
20260412_181610_a7bb,2026-04-12 18:26:58,360,372,Zone 1,past
20260412_181610_a7bb,2026-04-12 18:27:01,680,128,Zone 1,past
20260412_181610_a7bb,2026-04-12 18:27:05,27,546,Zone 1,past
20260412_181610_a7bb,2026-04-12 18:27:11,739,483,Zone 3,past
20260412_181610_a7bb,2026-04-12 18:27:12,763,466,Zone 3,past
20260412_181610_a7bb,2026-04-12 18:27:12,763,466,Zone 1,past
20260412_181610_a7bb,2026-04-12 18:27:15,230,543,Zone 2,past
20260412_181610_a7bb,2026-04-12 18:27:21,305,525,Zone 2,past
20260412_181610_a7bb,2026-04-12 18:27:23,45,567,Zone 2,past
20260412_181610_a7bb,2026-04-12 18:27:25,280,545,Zone 1,past
20260412_181610_a7bb,2026-04-12 18:27:26,601,24,Zone 1,present
20260412_181610_a7bb,2026-04-12 18:27:29,541,36,Zone 1,past
20260412_181610_a7bb,2026-04-12 18:27:30,580,38,Zone 1,present
20260412_181610_a7bb,2026-04-12 18:27:31,532,49,Zone 1,past
20260412_181610_a7bb,2026-04-12 18:27:32,599,54,Zone 1,present
20260412_181610_a7bb,2026-04-12 18:27:33,676,56,Zone 1,future
20260412_181610_a7bb,2026-04-12 18:27:37,444,537,Zone 1,future
20260412_181610_a7bb,2026-04-12 18:27:46,393,453,Zone 1,future
20260412_181610_a7bb,2026-04-12 18:27:47,356,445,Zone 1,future
20260412_181610_a7bb,2026-04-12 18:27:47,321,452,Zone 1,future
20260412_181610_a7bb,2026-04-12 18:27:48,416,453,Zone 1,future
20260412_181610_a7bb,2026-04-12 18:27:48,374,468,Zone 1,future
20260412_181610_a7bb,2026-04-12 18:27:48,399,537,Zone 1,future
20260412_181610_a7bb,2026-04-12 18:27:49,304,444,Zone 1,future
20260412_181610_a7bb,2026-04-12 18:27:50,358,522,Zone 1,future
20260412_181610_a7bb,2026-04-12 18:27:50,318,530,Zone 1,future
20260412_181610_a7bb,2026-04-12 18:27:50,314,445,Zone 1,future
20260412_181610_a7bb,2026-04-12 18:27:51,368,520,Zone 1,future
20260412_181610_a7bb,2026-04-12 18:27:51,374,454,Zone 1,future
20260412_181610_a7bb,2026-04-12 18:27:52,226,553,Zone 1,future
20260412_181610_a7bb,2026-04-12 18:27:53,100,187,Zone 1,future
20260412_181610_a7bb,2026-04-12 18:27:54,609,211,Zone 4,future
20260412_181610_a7bb,2026-04-12 18:27:54,704,197,Zone 4,future
20260412_181610_a7bb,2026-04-12 18:27:56,753,473,Zone 1,future
20260412_181610_a7bb,2026-04-12 18:27:59,451,537,Zone 2,future
20260412_181610_a7bb,2026-04-12 18:28:02,390,535,Zone 2,future
20260412_181610_a7bb,2026-04-12 18:28:02,301,538,Zone 2,future
20260412_181610_a7bb,2026-04-12 18:28:03,40,521,Zone 2,future
20260412_181610_a7bb,2026-04-12 18:28:03,37,521,Zone 1,future
20260412_181610_a7bb,2026-04-12 18:28:12,756,452,Zone 3,future
20260412_181610_a7bb,2026-04-12 18:28:15,759,437,Zone 1,future
20260412_181610_a7bb,2026-04-12 18:28:17,33,503,Zone 2,future
20260412_181610_a7bb,2026-04-12 18:28:26,376,461,Zone 1,future
20260412_181610_a7bb,2026-04-12 18:28:33,183,372,Zone 1,future
20260412_181610_a7bb,2026-04-12 18:28:33,150,455,Zone 1,future
20260412_181610_a7bb,2026-04-12 18:28:35,236,534,Zone 1,future
20260412_181610_a7bb,2026-04-12 18:28:35,273,543,Zone 1,future
20260412_181610_a7bb,2026-04-12 18:28:37,572,63,Zone 1,future
20260412_181610_a7bb,2026-04-12 18:28:37,581,50,Zone 1,present
20260412_181610_a7bb,2026-04-12 18:28:44,403,409,Zone 1,present
20260412_181610_a7bb,2026-04-12 18:28:45,667,108,Zone 1,present
20260412_181610_a7bb,2026-04-12 18:28:45,670,157,Zone 1,present
20260412_181610_a7bb,2026-04-12 18:28:49,568,32,Zone 1,past
20260412_181610_a7bb,2026-04-12 18:28:57,178,24,Zone 1,past
20260412_181610_a7bb,2026-04-12 18:28:58,355,531,Zone 1,past
20260412_181610_a7bb,2026-04-12 18:28:59,131,80,Zone 1,past
20260412_181610_a7bb,2026-04-12 18:28:59,154,84,Zone 1,past
20260412_181610_a7bb,2026-04-12 18:29:00,343,76,Zone 1,past
20260412_181610_a7bb,2026-04-12 18:29:00,372,90,Zone 1,past
20260412_181610_a7bb,2026-04-12 18:29:00,441,83,Zone 1,past
20260412_181610_a7bb,2026-04-12 18:29:00,454,83,Zone 1,past
20260412_181610_a7bb,2026-04-12 18:29:00,583,107,Zone 1,past
20260412_181610_a7bb,2026-04-12 18:29:01,609,109,Zone 1,past
20260412_181610_a7bb,2026-04-12 18:29:01,661,109,Zone 1,past
20260412_181610_a7bb,2026-04-12 18:29:01,709,110,Zone 1,past
20260412_181610_a7bb,2026-04-12 18:29:01,712,111,Zone 1,past
20260412_181610_a7bb,2026-04-12 18:29:02,311,542,Zone 1,past
20260412_181610_a7bb,2026-04-12 18:29:03,219,533,Zone 1,past
20260412_181610_a7bb,2026-04-12 18:29:03,241,536,Zone 1,past
20260412_181610_a7bb,2026-04-12 18:29:05,700,24,Zone 1,future
20260412_181610_a7bb,2026-04-12 18:29:08,301,431,Zone 1,future
20260412_181610_a7bb,2026-04-12 18:29:08,298,407,Zone 1,future
20260412_181610_a7bb,2026-04-12 18:29:09,544,33,Zone 1,past
20260412_181610_a7bb,2026-04-12 18:29:12,627,47,Zone 1,present
20260412_181610_a7bb,2026-04-12 18:29:14,340,542,Zone 1,present
20260412_181610_a7bb,2026-04-12 18:29:14,368,394,Zone 1,present
20260412_181610_a7bb,2026-04-12 18:29:15,662,129,Zone 1,present
20260412_181610_a7bb,2026-04-12 18:29:22,201,552,Zone 1,present
20260412_181610_a7bb,2026-04-12 18:29:23,93,118,Zone 1,present
20260412_181610_a7bb,2026-04-12 18:29:29,249,522,Zone 1,present
20260412_181610_a7bb,2026-04-12 18:29:30,688,46,Zone 1,future
20260412_181610_a7bb,2026-04-12 18:29:31,226,517,Zone 1,future
20260412_181610_a7bb,2026-04-12 18:29:32,91,175,Zone 1,future
20260412_181610_a7bb,2026-04-12 18:29:34,692,190,Zone 4,future
20260412_181610_a7bb,2026-04-12 18:29:35,636,245,Zone 1,future
20260412_181610_a7bb,2026-04-12 18:29:35,581,211,Zone 1,future
20260412_181610_a7bb,2026-04-12 18:29:35,386,373,Zone 1,future
20260412_181610_a7bb,2026-04-12 18:29:36,471,319,Zone 1,future
20260412_181610_a7bb,2026-04-12 18:29:37,437,564,Zone 1,future
20260412_181610_a7bb,2026-04-12 18:29:40,436,557,Zone 1,future
20260412_181610_a7bb,2026-04-12 18:29:41,443,545,Zone 1,future
20260412_181610_a7bb,2026-04-12 18:29:48,463,312,Zone 1,future
20260412_181610_a7bb,2026-04-12 18:29:49,471,310,Zone 1,future
20260412_181610_a7bb,2026-04-12 18:29:54,483,373,Zone 1,future
20260412_181610_a7bb,2026-04-12 18:29:55,483,373,Zone 1,future
20260412_181610_a7bb,2026-04-12 18:29:56,483,373,Zone 1,future
20260412_181610_a7bb,2026-04-12 18:29:57,221,543,Zone 1,future
20260412_181610_a7bb,2026-04-12 18:30:01,479,293,Zone 1,future
20260412_181610_a7bb,2026-04-12 18:30:06,464,331,Zone 1,future
20260412_181610_a7bb,2026-04-12 18:30:11,444,328,Zone 1,future
20260412_181610_a7bb,2026-04-12 18:30:12,444,334,Zone 1,future
20260412_181610_a7bb,2026-04-12 18:30:13,323,537,Zone 1,future
20260412_181610_a7bb,2026-04-12 18:30:14,480,309,Zone 1,future
20260412_181610_a7bb,2026-04-12 18:30:16,333,370,Zone 1,future
20260412_181610_a7bb,2026-04-12 18:30:18,333,362,Zone 1,future
20260412_181610_a7bb,2026-04-12 18:30:18,376,252,Zone 1,future
20260412_181610_a7bb,2026-04-12 18:30:19,474,280,Zone 1,future
20260412_181610_a7bb,2026-04-12 18:30:24,358,539,Zone 1,future
20260412_181610_a7bb,2026-04-12 18:30:27,264,535,Zone 1,future
20260412_181610_a7bb,2026-04-12 18:30:28,635,42,Zone 1,present
20260412_181610_a7bb,2026-04-12 18:30:29,567,50,Zone 1,past
20260412_181610_a7bb,2026-04-12 18:30:31,439,535,Zone 1,past
20260412_181610_a7bb,2026-04-12 18:30:35,751,458,Zone 1,past
20260412_181610_a7bb,2026-04-12 18:30:36,75,534,Zone 2,past
20260412_181610_a7bb,2026-04-12 18:30:36,53,535,Zone 2,past
20260412_181610_a7bb,2026-04-12 18:30:37,53,535,Zone 1,past
20260412_181610_a7bb,2026-04-12 18:30:38,771,475,Zone 3,past
20260412_181610_a7bb,2026-04-12 18:30:39,427,406,Zone 1,past
20260412_181610_a7bb,2026-04-12 18:30:40,667,121,Zone 1,past
20260412_181610_a7bb,2026-04-12 18:30:42,25,536,Zone 1,past
20260412_181610_a7bb,2026-04-12 18:30:45,384,541,Zone 3,past
20260412_181610_a7bb,2026-04-12 18:30:46,366,544,Zone 3,past
20260412_181610_a7bb,2026-04-12 18:30:47,796,438,Zone 3,past
20260412_181610_a7bb,2026-04-12 18:30:48,401,568,Zone 1,past
20260412_181610_a7bb,2026-04-12 18:30:48,334,536,Zone 1,past
20260412_181610_a7bb,2026-04-12 18:30:49,323,540,Zone 1,past
20260412_181610_a7bb,2026-04-12 18:30:51,256,541,Zone 1,past
20260412_181610_a7bb,2026-04-12 18:30:52,681,26,Zone 1,future
20260412_181610_a7bb,2026-04-12 18:30:52,164,213,Zone 1,future
20260412_181610_a7bb,2026-04-12 18:30:54,435,545,Zone 4,future
20260412_181610_a7bb,2026-04-12 18:31:03,350,536,Zone 4,future
20260412_181610_a7bb,2026-04-12 18:31:04,265,554,Zone 4,future
20260412_181610_a7bb,2026-04-12 18:31:04,587,44,Zone 4,present
20260412_181610_a7bb,2026-04-12 18:31:06,544,34,Zone 4,past
20260412_181610_a7bb,2026-04-12 18:31:07,466,531,Zone 4,past
20260412_181610_a7bb,2026-04-12 18:31:08,456,546,Zone 4,past
20260412_181610_a7bb,2026-04-12 18:31:09,551,64,Zone 4,past
20260412_181610_a7bb,2026-04-12 18:31:09,529,90,Zone 4,past
20260412_181610_a7bb,2026-04-12 18:31:10,60,138,Zone 4,past
20260412_181610_a7bb,2026-04-12 18:31:15,344,537,Zone 4,past
20260412_181610_a7bb,2026-04-12 18:31:17,361,546,Zone 4,past
20260412_181610_a7bb,2026-04-12 18:31:18,119,227,Zone 4,past
20260412_181610_a7bb,2026-04-12 18:31:23,460,535,Zone 1,past
20260412_181610_a7bb,2026-04-12 18:31:23,448,541,Zone 1,past
20260412_181610_a7bb,2026-04-12 18:31:24,447,543,Zone 1,past
20260412_181610_a7bb,2026-04-12 18:31:25,384,361,Zone 1,past
20260412_181610_a7bb,2026-04-12 18:31:26,713,161,Zone 1,past
20260412_181610_a7bb,2026-04-12 18:31:26,656,123,Zone 1,past
20260412_181610_a7bb,2026-04-12 18:31:31,41,195,Zone 1,past
20260412_181610_a7bb,2026-04-12 18:31:34,490,536,Zone 1,past
20260412_181610_a7bb,2026-04-12 18:31:38,526,537,Zone 1,past
20260412_181610_a7bb,2026-04-12 18:31:40,341,539,Zone 1,past
20260412_181610_a7bb,2026-04-12 18:31:41,303,545,Zone 1,past
20260412_181610_a7bb,2026-04-12 18:31:41,245,531,Zone 1,past
20260412_181610_a7bb,2026-04-12 18:31:43,612,57,Zone 1,present
20260412_181610_a7bb,2026-04-12 18:31:45,693,42,Zone 1,future
20260412_181610_a7bb,2026-04-12 18:31:57,512,40,Zone 1,past
20260412_181610_a7bb,2026-04-12 18:32:02,747,440,Zone 1,past
20260412_181610_a7bb,2026-04-12 18:32:04,51,513,Zone 2,past
20260412_181610_a7bb,2026-04-12 18:32:04,51,513,Zone 1,past
20260412_181610_a7bb,2026-04-12 18:32:06,776,469,Zone 3,past
20260412_181610_a7bb,2026-04-12 18:32:07,489,525,Zone 1,past
20260412_181610_a7bb,2026-04-12 18:32:10,45,179,Zone 1,past
20260412_181610_a7bb,2026-04-12 18:32:12,355,541,Zone 1,past
20260412_181610_a7bb,2026-04-12 18:32:13,268,536,Zone 1,past
20260412_181610_a7bb,2026-04-12 18:32:14,725,55,Zone 1,future
20260412_181610_a7bb,2026-04-12 18:32:15,116,161,Zone 1,future
20260412_181610_a7bb,2026-04-12 18:32:17,532,48,Zone 4,past
20260412_181610_a7bb,2026-04-12 18:32:19,623,50,Zone 4,present
20260412_181610_a7bb,2026-04-12 18:32:21,708,51,Zone 4,future
20260412_181610_a7bb,2026-04-12 18:32:27,652,100,Zone 4,future
20260412_181610_a7bb,2026-04-12 18:32:28,638,235,Zone 4,future
20260412_181610_a7bb,2026-04-12 18:32:33,799,430,Zone 1,future
20260412_181610_a7bb,2026-04-12 18:32:37,516,48,Zone 2,past
20260412_181610_a7bb,2026-04-12 18:32:41,475,535,Zone 2,past
20260412_181610_a7bb,2026-04-12 18:32:42,17,555,Zone 2,past
20260412_181610_a7bb,2026-04-12 18:32:44,65,194,Zone 1,past
20260412_181610_a7bb,2026-04-12 18:32:51,306,399,Zone 1,past
20260412_181610_a7bb,2026-04-12 18:32:52,676,138,Zone 1,past
20260412_181610_a7bb,2026-04-12 18:32:55,60,226,Zone 1,past
20260412_181610_a7bb,2026-04-12 18:32:55,55,187,Zone 1,past
20260412_181610_a7bb,2026-04-12 18:33:03,620,38,Zone 1,present
20260412_181610_a7bb,2026-04-12 18:33:04,571,48,Zone 1,past
20260412_181610_a7bb,2026-04-12 18:33:06,539,536,Zone 1,past
20260412_181610_a7bb,2026-04-12 18:33:09,569,548,Zone 1,past
20260412_181610_a7bb,2026-04-12 18:33:09,584,536,Zone 1,past
20260412_181610_a7bb,2026-04-12 18:33:10,584,535,Zone 1,past
20260412_181610_a7bb,2026-04-12 18:33:11,388,547,Zone 1,past
20260412_181610_a7bb,2026-04-12 18:33:16,458,556,Zone 1,past
20260412_181610_a7bb,2026-04-12 18:33:16,429,530,Zone 1,past
20260412_181610_a7bb,2026-04-12 18:33:17,448,543,Zone 1,past
20260412_181610_a7bb,2026-04-12 18:33:19,56,200,Zone 1,past
20260412_181610_a7bb,2026-04-12 18:33:20,86,192,Zone 1,past
20260412_181610_a7bb,2026-04-12 18:33:20,66,192,Zone 1,past
20260412_181610_a7bb,2026-04-12 18:33:21,544,539,Zone 1,past
20260412_181610_a7bb,2026-04-12 18:33:23,205,544,Zone 1,past
20260412_181610_a7bb,2026-04-12 18:33:28,421,357,Zone 1,past
20260412_181610_a7bb,2026-04-12 18:33:29,668,153,Zone 1,past
20260412_181610_a7bb,2026-04-12 18:33:35,271,530,Zone 1,past
20260412_181610_a7bb,2026-04-12 18:33:37,444,343,Zone 1,past
20260412_181610_a7bb,2026-04-12 18:33:41,351,456,Zone 4,past
20260412_181610_a7bb,2026-04-12 18:33:55,616,32,Zone 4,present
20260412_181610_a7bb,2026-04-12 18:33:56,688,32,Zone 4,future
20260412_181610_a7bb,2026-04-12 18:34:09,634,45,Zone 4,present
20260412_181610_a7bb,2026-04-12 18:34:12,546,40,Zone 4,past
20260412_181610_a7bb,2026-04-12 18:34:13,632,45,Zone 4,present
20260412_181610_a7bb,2026-04-12 18:34:19,560,36,Zone 4,past
20260412_181610_a7bb,2026-04-12 18:34:23,680,34,Zone 4,future
20260412_181610_a7bb,2026-04-12 18:34:24,651,44,Zone 4,present
20260412_181610_a7bb,2026-04-12 18:34:25,673,39,Zone 4,future
20260412_181610_a7bb,2026-04-12 18:34:27,544,34,Zone 4,past
20260412_181610_a7bb,2026-04-12 18:34:32,453,536,Zone 4,past
20260412_181610_a7bb,2026-04-12 18:34:33,110,181,Zone 4,past
20260412_181610_a7bb,2026-04-12 18:34:35,571,340,Zone 4,past
20260412_181610_a7bb,2026-04-12 18:34:35,563,405,Zone 4,past
20260412_181610_a7bb,2026-04-12 18:34:35,560,332,Zone 4,past
20260412_181610_a7bb,2026-04-12 18:34:40,308,561,Zone 4,past
20260412_181610_a7bb,2026-04-12 18:34:40,304,541,Zone 4,past
20260412_181610_a7bb,2026-04-12 18:34:41,492,426,Zone 4,past
20260412_181610_a7bb,2026-04-12 18:34:44,354,538,Zone 4,past
20260412_181610_a7bb,2026-04-12 18:34:45,125,140,Zone 4,past
20260412_181610_a7bb,2026-04-12 18:34:45,300,344,Zone 1,past
20260412_181610_a7bb,2026-04-12 18:34:47,487,442,Zone 5,past
20260412_181610_a7bb,2026-04-12 18:34:49,430,142,Zone 5,past
20260412_181610_a7bb,2026-04-12 18:34:51,387,378,Zone 5,past
20260412_181610_a7bb,2026-04-12 18:34:52,374,354,Zone 5,past
20260412_181610_a7bb,2026-04-12 18:34:54,374,360,Zone 5,past
20260412_181610_a7bb,2026-04-12 18:34:58,306,554,Zone 5,past
20260412_181610_a7bb,2026-04-12 18:34:59,459,143,Zone 5,past
20260412_181610_a7bb,2026-04-12 18:35:00,443,256,Zone 5,past
20260412_181610_a7bb,2026-04-12 18:35:01,443,256,Zone 5,past
20260412_181610_a7bb,2026-04-12 18:35:01,419,259,Zone 5,past
20260412_181610_a7bb,2026-04-12 18:35:02,212,518,Zone 5,past
20260412_181610_a7bb,2026-04-12 18:35:04,462,157,Zone 5,past
20260412_181610_a7bb,2026-04-12 18:35:05,437,252,Zone 5,past
20260412_181610_a7bb,2026-04-12 18:35:05,418,290,Zone 5,past
20260412_181610_a7bb,2026-04-12 18:35:07,409,304,Zone 5,past
20260412_181610_a7bb,2026-04-12 18:35:11,29,267,Zone 5,past
20260412_181610_a7bb,2026-04-12 18:35:12,691,321,Zone 5,past
20260412_181610_a7bb,2026-04-12 18:35:13,371,541,Zone 5,past
20260412_181610_a7bb,2026-04-12 18:35:17,573,521,Zone 5,past
20260412_181610_a7bb,2026-04-12 18:35:19,318,534,Zone 5,past
20260412_181610_a7bb,2026-04-12 18:35:20,29,330,Zone 5,past
20260412_181610_a7bb,2026-04-12 18:35:25,375,525,Zone 5,past
20260412_181610_a7bb,2026-04-12 18:35:26,355,537,Zone 5,past
20260412_181610_a7bb,2026-04-12 18:35:27,28,311,Zone 5,past
20260412_181610_a7bb,2026-04-12 18:35:30,573,349,Zone 6,past
20260412_181610_a7bb,2026-04-12 18:35:32,304,539,Zone 6,past
20260412_181610_a7bb,2026-04-12 18:35:32,347,524,Zone 6,past
20260412_181610_a7bb,2026-04-12 18:35:33,299,546,Zone 6,past
20260412_181610_a7bb,2026-04-12 18:35:33,273,537,Zone 6,past
20260412_181610_a7bb,2026-04-12 18:35:37,419,284,Zone 6,past
20260412_181610_a7bb,2026-04-12 18:35:39,427,380,Zone 6,past
20260412_181610_a7bb,2026-04-12 18:35:40,427,380,Zone 6,past
20260412_181610_a7bb,2026-04-12 18:35:41,427,380,Zone 6,past
20260412_181610_a7bb,2026-04-12 18:35:42,427,380,Zone 6,past
20260412_181610_a7bb,2026-04-12 18:35:43,360,550,Zone 6,past
20260412_181610_a7bb,2026-04-12 18:35:44,380,298,Zone 6,past
20260412_181610_a7bb,2026-04-12 18:35:45,451,256,Zone 6,past
20260412_181610_a7bb,2026-04-12 18:35:45,429,279,Zone 6,past
20260412_181610_a7bb,2026-04-12 18:35:47,378,371,Zone 6,past
20260412_181610_a7bb,2026-04-12 18:35:48,378,371,Zone 6,past
20260412_181610_a7bb,2026-04-12 18:35:48,413,415,Zone 6,past
20260412_181610_a7bb,2026-04-12 18:35:49,441,397,Zone 6,past
20260412_181610_a7bb,2026-04-12 18:35:50,447,542,Zone 6,past
20260412_181610_a7bb,2026-04-12 18:35:50,380,308,Zone 6,past
20260412_181610_a7bb,2026-04-12 18:35:51,404,268,Zone 6,past
20260412_181610_a7bb,2026-04-12 18:35:53,410,427,Zone 6,past
20260412_181610_a7bb,2026-04-12 18:35:54,425,439,Zone 6,past
20260412_181610_a7bb,2026-04-12 18:35:55,404,291,Zone 6,past
20260412_181610_a7bb,2026-04-12 18:35:58,760,319,Zone 6,past
20260412_181610_a7bb,2026-04-12 18:36:00,357,542,Zone 6,past
20260412_181610_a7bb,2026-04-12 18:36:01,372,526,Zone 6,past
20260412_181610_a7bb,2026-04-12 18:36:02,764,296,Zone 6,past
20260412_181610_a7bb,2026-04-12 18:36:06,634,116,Zone 5,past
20260412_181610_a7bb,2026-04-12 18:36:14,541,557,Zone 1,past
20260412_181610_a7bb,2026-04-12 18:36:15,438,392,Zone 1,past
20260412_181610_a7bb,2026-04-12 18:36:17,342,371,Zone 1,past
20260412_181610_a7bb,2026-04-12 18:36:18,342,372,Zone 1,past
20260412_181610_a7bb,2026-04-12 18:36:20,342,373,Zone 1,past
20260412_181610_a7bb,2026-04-12 18:36:23,652,141,Zone 1,past
20260412_181610_a7bb,2026-04-12 18:36:23,427,418,Zone 1,past
20260412_181610_a7bb,2026-04-12 18:36:28,672,141,Zone 1,past
20260412_181610_a7bb,2026-04-12 18:36:30,241,537,Zone 1,past
20260412_181610_a7bb,2026-04-12 18:36:31,651,31,Zone 1,present
20260412_181610_a7bb,2026-04-12 18:36:32,673,39,Zone 1,future
20260412_181610_a7bb,2026-04-12 18:36:34,628,49,Zone 1,present
20260412_181610_a7bb,2026-04-12 18:36:36,397,355,Zone 1,present
20260412_181610_a7bb,2026-04-12 18:36:39,671,124,Zone 1,present
20260412_181610_a7bb,2026-04-12 18:36:39,692,43,Zone 1,future
20260412_181610_a7bb,2026-04-12 18:36:40,474,363,Zone 1,future
20260412_181610_a7bb,2026-04-12 18:36:41,278,447,Zone 1,future
20260412_181610_a7bb,2026-04-12 18:36:43,351,464,Zone 1,future
20260412_181610_a7bb,2026-04-12 18:36:44,351,464,Zone 1,future
20260412_181610_a7bb,2026-04-12 18:36:45,343,470,Zone 1,future
20260412_181610_a7bb,2026-04-12 18:36:48,528,16,Zone 1,future
20260412_181610_a7bb,2026-04-12 18:36:49,521,46,Zone 1,past
20260412_181610_a7bb,2026-04-12 18:36:51,538,531,Zone 1,past
20260412_181610_a7bb,2026-04-12 18:36:52,456,376,Zone 1,past
20260412_181610_a7bb,2026-04-12 18:36:55,663,106,Zone 1,past
20260412_181610_a7bb,2026-04-12 18:36:55,654,116,Zone 1,past
20260412_181610_a7bb,2026-04-12 18:36:57,312,534,Zone 1,past
20260412_181610_a7bb,2026-04-12 18:36:57,315,404,Zone 1,past
20260412_181610_a7bb,2026-04-12 18:36:59,410,240,Zone 1,past
20260412_181610_a7bb,2026-04-12 18:37:00,404,262,Zone 1,past
20260412_181610_a7bb,2026-04-12 18:37:01,403,261,Zone 1,past
20260412_181610_a7bb,2026-04-12 18:37:03,388,240,Zone 1,past
20260412_181610_a7bb,2026-04-12 18:37:03,388,211,Zone 1,past
20260412_181610_a7bb,2026-04-12 18:37:07,249,539,Zone 1,past
20260412_181610_a7bb,2026-04-12 18:37:08,710,48,Zone 1,future
20260412_181610_a7bb,2026-04-12 18:37:11,314,378,Zone 1,future
20260412_181610_a7bb,2026-04-12 18:37:12,293,295,Zone 1,future
20260412_181610_a7bb,2026-04-12 18:37:14,293,295,Zone 1,future
20260412_181610_a7bb,2026-04-12 18:37:16,293,295,Zone 1,future
20260412_181610_a7bb,2026-04-12 18:37:17,293,295,Zone 1,future
20260412_181610_a7bb,2026-04-12 18:37:20,293,295,Zone 1,future
20260412_181610_a7bb,2026-04-12 18:37:21,556,39,Zone 1,past
20260412_181610_a7bb,2026-04-12 18:37:23,330,377,Zone 1,past
20260412_181610_a7bb,2026-04-12 18:37:25,676,116,Zone 1,past
20260412_181610_a7bb,2026-04-12 18:37:27,205,538,Zone 1,past
20260412_181610_a7bb,2026-04-12 18:37:28,407,396,Zone 1,past
20260412_181610_a7bb,2026-04-12 18:37:29,493,310,Zone 1,past
20260412_181610_a7bb,2026-04-12 18:37:29,495,175,Zone 1,past
20260412_181610_a7bb,2026-04-12 18:37:30,510,194,Zone 1,past
20260412_181610_a7bb,2026-04-12 18:37:31,391,218,Zone 1,past
20260412_181610_a7bb,2026-04-12 18:37:33,334,391,Zone 1,past
20260412_181610_a7bb,2026-04-12 18:37:34,661,134,Zone 1,past
20260412_181610_a7bb,2026-04-12 18:37:36,249,549,Zone 1,past
20260412_181610_a7bb,2026-04-12 18:37:36,206,528,Zone 1,past
20260412_181610_a7bb,2026-04-12 18:37:37,685,42,Zone 1,future
20260412_181610_a7bb,2026-04-12 18:37:44,339,449,Zone 1,future
20260412_181610_a7bb,2026-04-12 18:37:44,363,367,Zone 1,future
20260412_181610_a7bb,2026-04-12 18:37:45,493,203,Zone 1,future
20260412_181610_a7bb,2026-04-12 18:37:45,263,421,Zone 1,future
20260412_181610_a7bb,2026-04-12 18:37:46,25,486,Zone 1,future
20260412_181610_a7bb,2026-04-12 18:37:46,753,458,Zone 3,future
20260412_181610_a7bb,2026-04-12 18:37:47,754,459,Zone 1,future
20260412_181610_a7bb,2026-04-12 18:37:48,56,534,Zone 2,future
20260412_181610_a7bb,2026-04-12 18:37:48,53,534,Zone 1,future
20260412_181610_a7bb,2026-04-12 18:37:49,785,468,Zone 3,future
20260412_181610_a7bb,2026-04-12 18:37:50,553,25,Zone 1,past
20260412_181610_a7bb,2026-04-12 18:37:52,357,381,Zone 1,past
20260412_181610_a7bb,2026-04-12 18:37:54,534,445,Zone 5,past
20260412_181610_a7bb,2026-04-12 18:37:55,469,160,Zone 5,past
20260412_181610_a7bb,2026-04-12 18:37:57,488,321,Zone 5,past
20260412_181610_a7bb,2026-04-12 18:37:59,631,25,Zone 5,present
20260412_181610_a7bb,2026-04-12 18:37:59,693,24,Zone 5,future
20260412_181610_a7bb,2026-04-12 18:38:00,448,166,Zone 5,future
20260412_181610_a7bb,2026-04-12 18:38:01,448,235,Zone 5,future
20260412_181610_a7bb,2026-04-12 18:38:02,448,236,Zone 5,future
20260412_181610_a7bb,2026-04-12 18:38:04,448,236,Zone 5,future
20260412_181610_a7bb,2026-04-12 18:38:06,444,229,Zone 5,future
20260412_181610_a7bb,2026-04-12 18:38:07,430,246,Zone 5,future
20260412_181610_a7bb,2026-04-12 18:38:08,430,246,Zone 5,future
20260412_181610_a7bb,2026-04-12 18:38:09,430,246,Zone 5,future
20260412_181610_a7bb,2026-04-12 18:38:16,431,129,Zone 5,future
20260412_181610_a7bb,2026-04-12 18:38:16,434,142,Zone 5,future
20260412_181610_a7bb,2026-04-12 18:38:17,329,261,Zone 5,future
20260412_181610_a7bb,2026-04-12 18:38:17,329,261,Zone 5,future
20260412_181610_a7bb,2026-04-12 18:38:17,329,261,Zone 5,future
20260412_181610_a7bb,2026-04-12 18:38:20,329,261,Zone 5,future
20260412_181610_a7bb,2026-04-12 18:38:21,329,261,Zone 5,future
20260412_181610_a7bb,2026-04-12 18:38:23,329,261,Zone 5,future
20260412_181610_a7bb,2026-04-12 18:38:28,448,545,Zone 5,future
20260412_181610_a7bb,2026-04-12 18:38:32,494,519,Zone 5,future
20260412_181610_a7bb,2026-04-12 18:38:35,437,157,Zone 5,future
20260412_181610_a7bb,2026-04-12 18:38:36,400,306,Zone 5,future
20260412_181610_a7bb,2026-04-12 18:38:37,400,306,Zone 5,future
20260412_181610_a7bb,2026-04-12 18:38:37,399,306,Zone 5,future
20260412_181610_a7bb,2026-04-12 18:38:39,388,306,Zone 5,future
20260412_181610_a7bb,2026-04-12 18:38:43,387,306,Zone 5,future
20260412_181610_a7bb,2026-04-12 18:38:45,386,306,Zone 5,future
20260412_181610_a7bb,2026-04-12 18:38:45,386,306,Zone 5,future
20260412_181610_a7bb,2026-04-12 18:38:46,383,305,Zone 5,future
20260412_181610_a7bb,2026-04-12 18:38:47,386,287,Zone 5,future
20260412_181610_a7bb,2026-04-12 18:38:50,280,541,Zone 5,future
20260412_181610_a7bb,2026-04-12 18:38:51,199,535,Zone 5,future
20260412_181610_a7bb,2026-04-12 18:38:52,648,30,Zone 5,present
20260412_181610_a7bb,2026-04-12 18:38:53,521,31,Zone 5,past
20260412_181610_a7bb,2026-04-12 18:38:54,318,551,Zone 5,past
20260412_181610_a7bb,2026-04-12 18:38:55,267,534,Zone 5,past
20260412_181610_a7bb,2026-04-12 18:38:56,601,176,Zone 5,past
20260412_181610_a7bb,2026-04-12 18:38:57,406,393,Zone 1,past
20260412_181610_a7bb,2026-04-12 18:39:01,480,244,Zone 1,past
20260412_181610_a7bb,2026-04-12 18:39:03,478,212,Zone 1,past
20260412_181610_a7bb,2026-04-12 18:39:04,479,203,Zone 1,past
20260412_181610_a7bb,2026-04-12 18:39:04,480,199,Zone 1,past
20260412_181610_a7bb,2026-04-12 18:39:05,456,224,Zone 1,past
20260412_181610_a7bb,2026-04-12 18:39:06,456,227,Zone 1,past
20260412_181610_a7bb,2026-04-12 18:39:08,455,226,Zone 7,past
20260412_181610_a7bb,2026-04-12 18:39:09,455,228,Zone 7,past
20260412_181610_a7bb,2026-04-12 18:39:10,452,253,Zone 7,past
20260412_181610_a7bb,2026-04-12 18:39:11,452,253,Zone 7,past
20260412_181610_a7bb,2026-04-12 18:39:12,452,253,Zone 7,past
20260412_181610_a7bb,2026-04-12 18:39:14,452,253,Zone 7,past
20260412_181610_a7bb,2026-04-12 18:39:22,452,253,Zone 7,past
20260412_181610_a7bb,2026-04-12 18:39:24,450,254,Zone 7,past
20260412_181610_a7bb,2026-04-12 18:39:29,450,254,Zone 7,past
